protein_index,protein_sha256,protein_length,rows,positives,positive_rate,both_classes,v23_log_loss,v23_aupr,v23_auroc,v36_log_loss,v36_aupr,v36_auroc,delta_aupr,delta_auroc,delta_log_loss
0,9f4157a2af8e62a6f4f955bed7a7651c7c410952696e48b3adde43c7cd62d5ca,315,7,0,0.0,False,0.2252006275313241,,,0.19767881291253225,,,,,-0.027521814618791857
1,1e7945b3012d4fd18573180ff89fbfd32eff24b81e176cfbbbf19c635b1a9874,315,375,38,0.10133333333333333,True,0.36704973083610337,0.2156431115946462,0.6976026862408246,0.3376785079414646,0.27152258806777524,0.7508199281586756,0.05587947647312905,0.053217241917851044,-0.029371222894638782
2,b1da4fae3025a1d16404f821fcf1678ac9e6f749e3511171f9a968f4fd8d1eeb,218,459,146,0.31808278867102396,True,0.8705627485492909,0.3280441471937597,0.4960063897763578,0.839152244351853,0.32373323697592377,0.48710009190774217,-0.004310910217835917,-0.008906297868615631,-0.03141050419743796
3,7564bcae8499a54dc2f9774f6e8cd8d1312c2478ba497ce60c73fd75d53c7c0d,209,298,45,0.15100671140939598,True,0.3489454128934171,0.5118662199014082,0.7589371980676329,0.34707607595670353,0.526557022119774,0.7652613087395697,0.014690802218365717,0.006324110671936722,-0.0018693369367135393
4,83d3db437baac3b7ade7c9a4aaa1dac846662a85ed188651c16743518db2dc40,269,12,0,0.0,False,0.009086231041389206,,,0.00986088671682713,,,,,0.0007746556754379234
5,430105fda0f3959453bc2e627d140061ace59225b816d501e3de9202cd7d5a52,245,385,34,0.08831168831168831,True,0.2997935673250672,0.25695664470536217,0.7525557231439584,0.31888407559864307,0.2512138201491126,0.7104910340204458,-0.005742824556249582,-0.04206468912351258,0.01909050827357589
6,d252ebfe4a44b90add271352e63848761997b54b6cb7ce3fad6da37a387b7ae2,382,217,38,0.17511520737327188,True,0.7848835276431202,0.27863430632817104,0.7464716259923552,0.6936364033375331,0.2829646058502172,0.7560276389297266,0.004330299522046166,0.009556012937371405,-0.09124712430558712
7,9b41fcf8d38f231e7f0ec3f1f5d940b609ada013047c67c9bf15bb97004ea429,328,37,0,0.0,False,0.06063615540797646,,,0.07259674233736822,,,,,0.01196058692939176
8,1ca08a9a0f4b5ead72ce0478f908c80134ff861e8a7143c73698509b82a5e0b9,711,132,69,0.5227272727272727,True,0.432243135292083,0.9274807424254506,0.9227053140096619,0.4545186140687402,0.9314148976193901,0.9250057510927077,0.00393415519393947,0.0023004370830457255,0.022275478776657198
9,2c32b872d2ff4c1f7b7880c871c7f45b0a54e5e608e3b6fd967b325cada0dd3a,328,7,2,0.2857142857142857,True,0.22004883204187667,1.0,1.0,0.21782383109842027,1.0,1.0,0.0,0.0,-0.002225000943456401
10,e15a7df73d6376cd97c9e6c773d3d81cb09ee6de52ec60c69a40ff66fb674875,169,152,62,0.40789473684210525,True,1.030106142586048,0.3590859837331015,0.4183691756272402,1.0687660491430986,0.37373276258281696,0.42267025089605736,0.014646778849715436,0.004301075268817178,0.03865990655705054
11,d190de94ddc2b1be089390578a17a92ae0cda772bf4b55813e3653ca7c09ea6b,309,51,25,0.49019607843137253,True,0.6581260572169342,0.658724221997985,0.6661538461538462,0.6605407636539609,0.6535559949640037,0.6661538461538462,-0.005168227033981232,0.0,0.0024147064370266813
12,23feea55cfc6f9f147a6b9da3157fb08602dcf4caf6ca81134311da80931018e,286,4,0,0.0,False,0.13287746161222458,,,0.09026397578418255,,,,,-0.04261348582804203
13,0936f64cd830bb61cac2bccbc0f3c5bee3b5b5cc25830f1c302d526fac0fedd4,286,4,0,0.0,False,0.17840122524648905,,,0.12742647342383862,,,,,-0.05097475182265043
14,3aaf1e884b75548e2efafcfcf6edcc1daac27d0c97c5de77eaf6a69c0e5a7838,129,1,0,0.0,False,0.023904046043753624,,,0.00989452376961708,,,,,-0.014009522274136543
15,13e5ffdf75903ef969cbdae358eeec3a41b198121ea43a561991804912e98aae,368,10,0,0.0,False,0.09332578219473361,,,0.10781759610399604,,,,,0.014491813909262422
16,aa4d18a16b38e3d10023f1e2a8f4bfcc3dc40e3cb7676ff4b9408e28f3c01a50,354,3,0,0.0,False,0.001587428325971511,,,0.0013010050388402306,,,,,-0.0002864232871312804
17,deb417fe7b2ecc0e527cf8d96fb4940e51a835c00b7d55a9f0029c2fc12f26de,417,65,64,0.9846153846153847,True,0.08994079842590369,0.9997596153846153,0.984375,0.09294050784351734,0.9997596153846153,0.984375,0.0,0.0,0.002999709417613655
18,c7441435f36d0485aecd2baa526623e7e8c849070a10e65c4bec71c8b0cc2bae,519,6,0,0.0,False,0.11282183167835076,,,0.10102584213018417,,,,,-0.011795989548166588
19,28def8c4f0d37f13a05ebcbe0294b420c9665c840d267b2c0cd8521afd8e064b,1097,2,1,0.5,True,0.7982096076011658,0.5,0.0,0.815528929233551,0.5,0.0,0.0,0.0,0.017319321632385254
20,2c5ca2c6890ad5f0098d8e87d7ff3112fab40943292a1125d7be4a9aefe57c5e,1845,2,0,0.0,False,0.3146294355392456,,,0.2814340740442276,,,,,-0.033195361495018005
21,f31ff47f064b11401cecd988d77c4fa8d8e57a393e7ab520b24bcdb8829f265d,608,51,4,0.0784313725490196,True,0.3565672021678777,0.08402014652014651,0.3670212765957447,0.3794014899051,0.06943839000290614,0.24468085106382975,-0.014581756517240377,-0.12234042553191493,0.022834287737222292
22,1cca977413c35599b2b725588e145af6b727d06ab206ddcf1141714d65b447a1,1749,1,0,0.0,False,0.2798999547958374,,,0.2449478805065155,,,,,-0.0349520742893219
23,57a43dd98a244fb5b2aca62441958b59f1f8698c031c437c5ffb427b698fdd8b,282,1,0,0.0,False,0.5190379619598389,,,0.46474403142929077,,,,,-0.054293930530548096
24,8c2fdf31f486bacc138251993f444e8f7acb7be951e368d98de49bbb3a156c59,324,2,1,0.5,True,0.6467165052890778,1.0,1.0,0.6741447746753693,1.0,1.0,0.0,0.0,0.027428269386291504
25,8616f3973a04b35ece6f2d6677c8175d01b4d6b9a3cfa00197f02cab3211aca0,371,359,127,0.35376044568245124,True,1.8008540208818855,0.2296142926498555,0.18941759435243005,1.7224175891881772,0.2372887145450857,0.21485541677979908,0.00767442189523021,0.025437822427369028,-0.07843643169370829
26,e6fb7ef50d66281e8492a5a1ce8a0ee52e5a35e0ced76ebffd76a24119caae6a,675,1,0,0.0,False,0.2493632435798645,,,0.2891479730606079,,,,,0.03978472948074341
27,9d75df3126475e512fa7e1f554e1dcc9e33b9de3a06e5a1eda68423360140dc9,1907,2,0,0.0,False,0.3801008611917496,,,0.38283148407936096,,,,,0.002730622887611389
28,8d81dcbb879116c8dfccbb9c94c87a9128f3d562eedb3b7b7e58a9b30f4056ac,471,604,92,0.152317880794702,True,0.4949356319933254,0.1584020222352798,0.5268660835597826,0.494208841218223,0.17386142381643965,0.5439559273097826,0.015459401581159854,0.01708984375,-0.0007267907751024039
29,76cbcea37e59bfdb67e7eb17fb49350058cfb96becc32735b77f5296b506913a,261,1,1,1.0,False,0.9785532355308533,,,1.0422476530075073,,,,,0.06369441747665405
30,673a5ff1e9eb71e9f4ce597ab556006ebebba414fa71bbe2287e813bbd3ddf7e,1052,2497,1082,0.4333199839807769,True,0.45896734512775195,0.7932754155280609,0.8595674154000901,0.4582629470890606,0.7824434924021159,0.8546475248688791,-0.010831923125945053,-0.004919890531211002,-0.0007043980386913229
31,683f0cf7a512c9686d36b8f6e92a6caaf0ac15a9c687ec571931fe3230a81bd4,160,1,1,1.0,False,1.106209397315979,,,1.163541555404663,,,,,0.05733215808868408
32,34ffd0d733956315a3e7f397559509e0e49be81e544bbacc713eaf6834591d45,400,15,0,0.0,False,0.025949744073053203,,,0.018650450650602578,,,,,-0.007299293422450625
33,8129a8803c969a7f4daf3b6daca80ab636fb781fb7713a77ca81004826440ab2,1112,714,0,0.0,False,0.0411291902084934,,,0.03996999863504513,,,,,-0.001159191573448272
34,aa99d79df457eae7c8804b0cbf6e4955973b7f683f0cba39682444921e522cf3,475,154,120,0.7792207792207793,True,0.7596553927892215,0.7959342995771214,0.5511029411764706,0.7472524623108374,0.8006278757222318,0.5566176470588236,0.004693576145110456,0.005514705882352922,-0.012402930478384033
35,debc8a0f7639de0375a8c3f4eb9e1208ab1ef2ceb7aaa319921b926316ea670b,180,248,5,0.020161290322580645,True,0.08725203986344446,0.20934579439252338,0.8695473251028807,0.08280969602950086,0.20073339780786587,0.8909465020576132,-0.008612396584657511,0.02139917695473248,-0.004442343833943596
36,50867e0c89d59db0ae1217135870d5031a55b4747c07dabc87cbd4d6a713f7f0,290,1,0,0.0,False,0.492920458316803,,,0.5231490135192871,,,,,0.03022855520248413
37,6c437e60a9da3118f64e0e1faf684e99908b001dc5626dcc3aaa2da7e9d729f6,357,17,15,0.8823529411764706,True,0.33601520429639253,0.9520182595182595,0.7666666666666666,0.3426915836684844,0.9483906289788643,0.7333333333333334,-0.003627630539395188,-0.033333333333333215,0.006676379372091867
38,d1cf15a8ad5bf5939551e11b7c3e25a948f9ea399cef9eb5a9b119f91eea4fe3,213,2,1,0.5,True,0.6584591269493103,1.0,1.0,0.6106192916631699,1.0,1.0,0.0,0.0,-0.04783983528614044
39,a02f86880ca58a6653ff7b446a7886173b8366857719ed6481af8b425cecc1c0,678,111,1,0.009009009009009009,True,0.06696835193593739,0.017241379310344827,0.4818181818181818,0.06175617544677398,0.021739130434782608,0.5909090909090908,0.004497751124437781,0.10909090909090902,-0.00521217648916341
40,cb8a72928424b9afe6788fcbb6ead4f8fe247a96a0efa77fcbd3923fe4e8dc40,1044,1,1,1.0,False,0.4313088655471802,,,0.3480626046657562,,,,,-0.08324626088142395
41,be1ff09958994a538d0d913a232e8b99f00c1e157856b5e90823426220d26473,476,10,4,0.4,True,1.0315327417105435,0.6777777777777778,0.6874999999999999,1.1427850678563118,0.6777777777777778,0.6874999999999999,0.0,0.0,0.1112523261457683
42,df1b8215496914b3098add6e6c5f4881efae7ce41b71b9e648bb29c4f09962c9,675,344,60,0.1744186046511628,True,0.590854494069242,0.5361661500096073,0.8719483568075118,0.6335739687964485,0.49114181272411145,0.8615903755868545,-0.045024337285495875,-0.010357981220657342,0.0427194747272065
43,0b1aaf1fdaee0ee16ebbd100c366dd44a3abaf0e0960c2d7c399ac704332f156,384,9,5,0.5555555555555556,True,0.372832265165117,1.0,1.0,0.34585894809828865,1.0,1.0,0.0,0.0,-0.026973317066828373
44,f965e9f61d618e884ef3dd19eccf954229c8ba2e48bfe3af76e90b71e5ec86bd,1010,50,9,0.18,True,0.7780331970751285,0.3684099850766518,0.6720867208672087,0.8086701517179609,0.2901999808976553,0.6314363143631436,-0.07821000417899648,-0.04065040650406504,0.030636954642832337
45,3de7d0a3ad82c90ebe658098fd5e8270fcb6739a944fab05616219a9e62bc828,353,2,0,0.0,False,0.4447566866874695,,,0.3979896605014801,,,,,-0.04676702618598938
46,5db3e7a51fce0c33eed47e6144f66adb97ab0c2b734d75b2493e0737e8cf5c66,194,2,1,0.5,True,0.7408889653161168,1.0,1.0,0.7665396938100457,1.0,1.0,0.0,0.0,0.02565072849392891
47,0f5e4ca1568369b5d903556523c507d9bb3e1381fdf8a25b7af69d194b77513e,384,1,0,0.0,False,0.9177566766738892,,,0.92051100730896,,,,,0.0027543306350708008
48,5c9ed8920464740c945686fcf87b406efe5a1aecd7cb114160be637a989de12e,377,166,50,0.30120481927710846,True,1.1537475616289639,0.456705362119166,0.7346551724137932,1.1508739448309573,0.4572318774353902,0.7316379310344827,0.0005265153162241631,-0.0030172413793104758,-0.002873616798006573
49,79f713fb31871db6b345f78a0be7952f182ade75abae38de0f4246bb7623242e,1417,101,0,0.0,False,0.049518541102113185,,,0.08254699624203478,,,,,0.03302845513992159
50,91356d71188f60f77637b27011670aef9b0fa8fde014310470ad5aff02121f08,1181,1,1,1.0,False,1.0731816291809082,,,1.0055463314056396,,,,,-0.06763529777526855
51,75df0d3aa240080afdfd5f57ca03066903a525f16a6589bb832004efb3531380,277,37,17,0.4594594594594595,True,0.6707226473435357,0.5828957748766574,0.6088235294117648,0.6070066651178373,0.6901648804858254,0.7264705882352942,0.10726910560916791,0.11764705882352944,-0.06371598222569841
52,2940f9333798637ac85a1a932512aa6f24df8a4e16999854672f762546d5ab7e,2000,1,0,0.0,False,5.030758256907575e-05,,,2.706087616388686e-05,,,,,-2.324670640518889e-05
53,46f4c1a3424554065945dc300b30e255ccd103ed4592c411fd419a075e3d56df,191,2,0,0.0,False,0.27473101019859314,,,0.2461782842874527,,,,,-0.028552725911140442
54,f0114914a7a9847e6770cd2ca00d4838a421eef2467a47d10807d53078a8322f,124,1,0,0.0,False,0.31724900007247925,,,0.31373465061187744,,,,,-0.0035143494606018066
55,7ab1dfab2e9102945a1650384da8e67150b2fc4527be72df6505a068e0486545,496,733,320,0.43656207366984995,True,0.7449812919878507,0.6397609962576847,0.7560721852300242,0.764196960141153,0.6367909360819209,0.7485245157384988,-0.0029700601757637335,-0.0075476694915254106,0.019215668153302334
56,1b711a8aab5cbbc04ab25e586088115f3fa988a58240ead3750b22c672d9d6c2,286,2,0,0.0,False,0.23733939975500107,,,0.24319692701101303,,,,,0.005857527256011963
57,68f68a27f82bca49f2dbe50c0ab7ed8ddacf3454938b627c5ec685b6c49c02b0,1087,2,2,1.0,False,1.0558176636695862,,,1.217393696308136,,,,,0.1615760326385498
58,94c85d3beaa12b73213c8a07631780761895204d607add4a9c72f8724941e206,667,70,9,0.12857142857142856,True,0.7484081809151186,0.17930717062369725,0.4790528233151184,0.7687914826790803,0.23129817713599765,0.4444444444444444,0.0519910065123004,-0.03460837887067397,0.020383301763961637
59,992b3395b2e990cc91640c6c97fcf4b9b0f08c1a6780bd2cd9cc49a8d6da02a8,527,9,0,0.0,False,0.0014943918730649683,,,0.0020094596224630046,,,,,0.0005150677493980364
60,001c5d2b571d4e8910b9409e8aaffc73b1ebe78a6b944bc951a7b21717ea1499,871,707,300,0.4243281471004243,True,0.7455307141886932,0.5323323584103967,0.5894512694512695,0.7322829806455312,0.5325752855082317,0.6023218673218673,0.00024292709783502175,0.012870597870597855,-0.013247733543162
61,7c1f21c862900d30cbfd1d44115947e15b67118c5c72905e8be4187c97ef02b5,773,23,7,0.30434782608695654,True,0.7633088987887554,0.7030303030303029,0.7767857142857143,0.78238999189647,0.6981619570905285,0.7678571428571428,-0.004868345939774366,-0.008928571428571508,0.019081093107714553
62,afda81656261dd2fd9a08c19369e319bc29bad6de06e9244a392c5c167e1c4ea,1013,111,44,0.3963963963963964,True,1.0492591651818328,0.40737923335928655,0.5873473541383989,1.116896552210443,0.41910253831902733,0.5956580732700136,0.011723304959740777,0.008310719131614741,0.06763738702861022
63,e5b7345ab0e732628b45988bc284265eff4c7c8234c4d682c84888211d79f02e,498,21,1,0.047619047619047616,True,0.09614413036476999,1.0,1.0,0.09915713478057157,1.0,1.0,0.0,0.0,0.0030130044158015873
64,9256a1bfe118071d06617fbbfb5e24d0533f7518d59500b2991a6ace19bcac77,582,1,0,0.0,False,0.08306851983070374,,,0.0786513015627861,,,,,-0.004417218267917633
65,8522e2300ddc739d9b087afdd77242928c31e70e49b81bb99bdc5150fc1b9d5f,377,53,4,0.07547169811320754,True,0.26353949154145084,0.6525735294117647,0.9081632653061226,0.25564046424620274,0.6659663865546218,0.913265306122449,0.013392857142857095,0.005102040816326481,-0.007899027295248107
66,867d3de6801d403af56feb2682dff48a0f6a7ccc49d026953d1580ed69016b46,307,1,1,1.0,False,0.9248300790786743,,,0.9137343168258667,,,,,-0.011095762252807617
67,7919a1eeaccd8e2a1f412f5e8bb39874eb1324f1f0e218f031a7472d062d12fe,889,1,0,0.0,False,0.002112233778461814,,,0.0009066398488357663,,,,,-0.0012055939296260476
68,60c886a9a03efdfe6aa6560812cac94fde521bc915c81392e8d760594872a3ac,889,523,147,0.28107074569789675,True,0.7972637373854115,0.563011247460677,0.6953158923143725,0.8035307364974814,0.5678617296709487,0.6834473150962513,0.004850482210271734,-0.011868577218121179,0.00626699911206996
69,3727495a70a12a6d0ca9bb59c69bad7771d0575ff199c0dcdbc30d4fa8a5bbb3,360,2,0,0.0,False,0.27349953819066286,,,0.28193311486393213,,,,,0.008433576673269272
70,be45c56b8013a63910901092f6632668245c4213cac89407b891c25e7721ba0e,158,878,9,0.010250569476082005,True,0.1389424833407355,0.02793173193877192,0.7248433704129906,0.11614744953795109,0.03950811951219287,0.7528449047436389,0.011576387573420954,0.028001534330648226,-0.022795033802784415
71,2f84aa8e572667cc3636565e6fdec6c1a0076b292fa73a0c7a53c7cdb5852c08,427,2,0,0.0,False,0.01018615870270878,,,0.01243686443194747,,,,,0.002250705729238689
72,1197c17798ff04be8158606ebda10b013db87dc417e0c7c7a68033ce116e19f7,505,5,0,0.0,False,0.5590532839298248,,,0.5604301154613495,,,,,0.0013768315315246804
73,0ca26b54f0c45d0135ce37c885e5d97403dfe1e0e8b7752d3773a6b8966fa1a9,1014,5402,3260,0.6034801925212884,True,1.4476985187737477,0.5934279650006893,0.4982927629129361,1.464723628731362,0.6062786410175406,0.5123966048587124,0.012850676016851303,0.014103841945776296,0.017025109957614415
74,01e430dcc0c9d4560c427768ea7e1667eab9598cbe08eead4e4bf3a3e5ba749a,513,267,131,0.49063670411985016,True,0.4883127134670033,0.8814544932268349,0.890828468792097,0.4978771446000659,0.8908238093349125,0.8938594521778177,0.009369316108077563,0.0030309833857207202,0.0095644311330626
75,2b053c159620e06e7606d228d8e8adb03840b9e852f2f1592c771b810a1c0e86,354,3,0,0.0,False,0.00165649747941643,,,0.00126594848309954,,,,,-0.00039054899631689
76,35d25a0218054d8b46c44878f30b609425e1f518ea4e1e21a6ec6f7306f9031b,545,46,1,0.021739130434782608,True,0.14322321074407385,0.05,0.5777777777777777,0.13583250027073993,0.058823529411764705,0.6444444444444444,0.008823529411764702,0.06666666666666665,-0.007390710473333922
77,e9200ba08f2bba881ad4288ea4f5452eaada03aafe429a68eaa6bc4ba93fee5b,553,1,0,0.0,False,0.0099330497905612,,,0.00881444476544857,,,,,-0.001118605025112629
78,a8da6f95026e541e1213be1f3bed3400c885b2603434959ec6cca368474debb1,281,4,0,0.0,False,0.16952394368126988,,,0.174572573043406,,,,,0.0050486293621361256
79,f2d07041af22e226b457bf91c3076c7f7120aca41217c5054ff4709272490e29,399,452,28,0.061946902654867256,True,0.11954232577701697,0.635333789950565,0.961590296495957,0.12247067441849462,0.6136715423251344,0.9514824797843666,-0.021662247625430564,-0.010107816711590334,0.002928348641477646
80,497e11dba0f2cd7b80e50867f982e3fb2e705bc104b7a236772d794898203da8,1119,149,16,0.10738255033557047,True,0.28023034534745245,0.5915724850275124,0.9323308270676692,0.30815573358687964,0.6541413411986694,0.9398496240601504,0.06256885617115704,0.007518796992481147,0.027925388239427196
81,79d1e5e55672f3edcfc681f967c5f19b19e20bd275b463ea8dbdd1e9077bb648,445,1,0,0.0,False,2.7656937163555995e-05,,,6.0917802329640836e-05,,,,,3.326086516608484e-05
82,422f5a848c7a8657ed4f760e0a90f7d6e281f147823890b5a30d3caa7189fc72,361,1500,589,0.39266666666666666,True,0.5271854034972687,0.788928639768903,0.8425944735071631,0.494960608295165,0.8118787482443575,0.8569511665570213,0.022950108475454423,0.014356693049858205,-0.032224795202103695
83,4a09bef63b63218da52de080e5082e60c6f9282b6efab70074a7ce4f48a684f3,283,514,365,0.7101167315175098,True,0.9652584963586862,0.7962545054702107,0.6191872759032822,0.9153311437119074,0.8057220914797969,0.643136894364255,0.009467586009586193,0.023949618460972877,-0.04992735264677883
84,561d25f18146a50ef54647cd54d73638697bb68ba70f190b4b1728451da87deb,976,33,12,0.36363636363636365,True,0.7593253402773178,0.7951681602997392,0.873015873015873,0.7167686943924336,0.7452887261517294,0.8412698412698413,-0.04987943414800988,-0.031746031746031744,-0.04255664588488417
85,db702b15fd93e0dcca6178e0734d83c414a4de5827bcf78cddca8c76e63c2d07,161,2,2,1.0,False,2.034656286239624,,,2.0198314785957336,,,,,-0.01482480764389038
86,21eb33d401310021e874dbf346702ee8ad24484808470de51a9987e9bc8ccff0,225,2,1,0.5,True,0.7832552492618561,0.5,0.0,0.7510213553905487,0.5,0.0,0.0,0.0,-0.03223389387130737
87,650351c2cd5cf77e829a9a8b3ea83ead1f9daec5de06704179c8ff1b0ca47aef,791,963,599,0.6220145379023884,True,2.0550337025335037,0.6204200271789553,0.5590063108844411,1.63869214127288,0.6427929469829952,0.5940876735951861,0.02237291980403988,0.03508136271074502,-0.4163415612606236
88,baf66d06f61c9fc5ce099dcba5ecff0ee60ccf526201daf2573045e0b9091b0c,588,4,0,0.0,False,0.0017652431433816673,,,0.001458357610317762,,,,,-0.0003068855330639053
89,505009b7b8f3c2acd86e142d17e65e7ea0cfd1ba14e4b25f5094226e79980b7d,739,3,0,0.0,False,0.0026362045585604696,,,0.002550600670171358,,,,,-8.560388838911148e-05
90,28e12238afd4982235e7de46c49f3c906acb82af9f2d46fa1c5f96883c19535b,801,4,1,0.25,True,0.41909091715933755,0.5,0.6666666666666667,0.30582185920502525,1.0,1.0,0.5,0.33333333333333326,-0.1132690579543123
91,0dc55840d839338239ee4f37371db1cfb5ef0ebb0f58abfb31828c0f323b8f7c,1090,4,0,0.0,False,0.008887467483873479,,,0.009183608068269677,,,,,0.0002961405843961984
92,5a553b514c078b6b06bb423fe72f142c560f444c6ff51584943cbb629ea1b4de,1690,1212,407,0.3358085808580858,True,0.6244903575567321,0.5986389310382808,0.8243197460588765,0.60311253264932,0.6105889948662305,0.8268011659316007,0.01195006382794972,0.002481419872724211,-0.021377824907412135
93,122ec4ade6ad910b1dcd11a0d93488705bc6810a8c86eed7d0733ddfd6421ef8,633,1,0,0.0,False,0.019055530428886414,,,0.013843551278114319,,,,,-0.005211979150772095
94,11ecd9dd4b194d6067ab52eff3047abc5e2261e824920889589d9ab3f0a0add6,804,1,0,0.0,False,0.0020161913707852364,,,0.001352986553683877,,,,,-0.0006632048171013594
95,261ee9164789f03a92bbfa009d998ac5f4dbbac004bbcd14fa9942a4b254f114,260,54,0,0.0,False,0.047900520571231564,,,0.04783433668220554,,,,,-6.618388902602385e-05
96,e5524cc2f2b08493aaddbb3e1870c0bd672d501cd1a9569022febf6b958ae85d,123,2,1,0.5,True,0.6142690926790237,1.0,1.0,0.6281512379646301,1.0,1.0,0.0,0.0,0.013882145285606384
97,31dfb31fb640cb33bc041e879058e84ba898a602632cd46ab7cb07cddd75a573,1136,1,0,0.0,False,0.0005071256891824305,,,0.0004254292289260775,,,,,-8.169646025635302e-05
98,29d813d1749c7cade0e68dd9b2c74383b34ae577e9d1b769b62a66cf64865a5b,635,38,0,0.0,False,0.0863975629602608,,,0.08655940981483773,,,,,0.00016184685457693027
99,f911902815250c3077453c9ba69df9659087c45b42b2849d2bca0d39558053ea,355,52,0,0.0,False,0.1452913859169572,,,0.14565352469127482,,,,,0.00036213877431762187
100,8a2a686d99736f167411b82ac1b5f44c6728968cebe537cd2a71edd66327ec02,194,2,1,0.5,True,0.9287749528884888,0.5,0.0,0.9601428657770157,0.5,0.0,0.0,0.0,0.031367912888526917
101,55f0ce27192e3dcef8f40de2a5113e868d2d4f2788c7c7dd617b5e111cded1f7,92,1,1,1.0,False,0.7702645063400269,,,0.7327390313148499,,,,,-0.037525475025177
102,709c06806cd223181eeeda212f08b10bebc343efff6a52841cd7ba9fafef2989,179,2,1,0.5,True,0.8248975723981857,0.5,0.0,0.8401900082826614,0.5,0.0,0.0,0.0,0.015292435884475708
103,ef36d002da975146c62ac570c583bd50edadb918d8749d67041feeb3b42c1409,141,2,2,1.0,False,2.7210413217544556,,,2.7843037843704224,,,,,0.0632624626159668
104,4324259f8709946224b5527edd7f89f7ea7984f59107f58e74b47a7f53b0083d,204,36,0,0.0,False,0.02569888461019016,,,0.01873804063587967,,,,,-0.006960843974310491
105,bbc7a9a23a52527c8ac01ef33e4b4cae7b6252ef026f7260e22d61e5d5db58ab,162,56,1,0.017857142857142856,True,0.12039730170675154,0.09090909090909091,0.8181818181818181,0.13341064356167667,0.09090909090909091,0.8181818181818181,0.0,0.0,0.013013341854925128
106,d51769f1fd8c7d082bf067d8883366652c3d45937df67ae81a32497251aa8017,263,1795,530,0.29526462395543174,True,0.6341445443708797,0.3624792867172155,0.6641337907375644,0.6309790622495494,0.3678719229983358,0.6725751361026177,0.0053926362811203,0.008441345365053254,-0.0031654821213303874
107,38dd0e034006f9625447d69b20ab4936b0d30ce4ee9172a7fc882437dd9a6007,406,2,0,0.0,False,0.2184835970401764,,,0.2254478484392166,,,,,0.006964251399040222
108,2a5c3173293b02025db072c77174be6a288eb4a6f97c0af6a9f7c8fe8ab5d3a2,346,887,301,0.33934611048478014,True,1.04773421989218,0.3121995769733033,0.4520738607372467,1.0726681055812386,0.31303784603623963,0.447643236991598,0.0008382690629363254,-0.004430623745648676,0.024933885689058632
109,2d5781fce851e0a4c29f25ac81e7bf89fa25654da8e20229e01d948167022b69,798,27,1,0.037037037037037035,True,0.06521787542172845,1.0,1.0,0.06535879638977349,1.0,1.0,0.0,0.0,0.00014092096804503573
110,fde9165aac2e0cb02ca4073951c09e7115952e2b8ec1dfd33fe49f537b4c733e,394,84,8,0.09523809523809523,True,0.24871670445870786,0.7906716938975004,0.9194078947368421,0.23619991075247526,0.7906716938975004,0.919407894736842,0.0,-1.1102230246251565e-16,-0.012516793706232598
111,65fc08e148045873f02e812a9d2107ee4ad5f1ce68246ff56c2c651d8f575950,692,1,0,0.0,False,1.3011565208435059,,,1.3746438026428223,,,,,0.0734872817993164
112,419fcf67c8bf20d2694540c33a32d9865546c08026795151312fb818c30a0435,226,1,0,0.0,False,0.4313088655471802,,,0.480803906917572,,,,,0.049495041370391846
113,0b6a052b9555faa3d4d4664f357b23e5ca0f6f71a459d41757d4b10000fce676,514,334,198,0.592814371257485,True,0.666081154183624,0.631879081693361,0.5702800059417706,0.6616334849578178,0.6334609074677514,0.5846702317290553,0.0015818257743903663,0.01439022578728466,-0.0044476692258061945
114,885fb3bbc82edf48ecc9e8aa990b445558bc48ced6b1404f4646a79a4d42b1db,407,147,63,0.42857142857142855,True,0.6905715580369175,0.6881226449795561,0.7987528344671201,0.6774108341246048,0.7307853963315691,0.8130196523053667,0.04266275135201303,0.01426681783824657,-0.01316072391231271
115,12bbef4c8abc9955778ca8d3fd442a73a29b729714e80a737c1df6fae3e5a3cc,245,2,0,0.0,False,0.08633298566564918,,,0.07572763157077134,,,,,-0.010605354094877839
116,4c4c107d9f2e443e7e388f76ef1f09835f4a788c707a6ca7b8ebd7f20b15eb03,418,2,0,0.0,False,0.43065159022808075,,,0.409472793340683,,,,,-0.021178796887397766
117,7370b01def0d81299e630da779b0231d3543ced186874af25777df7f1cebc632,786,3,0,0.0,False,0.007844519025335709,,,0.008642413653433323,,,,,0.0007978946280976142
118,f3a404a5e6170a3c05894f2c73b2ea384ad45868b9c85a86075b18be531b77fe,830,249,1,0.004016064257028112,True,0.03084490976297125,0.015384615384615385,0.7419354838709677,0.031225410845431303,0.013157894736842105,0.6975806451612903,-0.002226720647773281,-0.04435483870967749,0.0003805010824600545
119,56340a272de94548aa38549af886eb2df1668469d4d70ff26f82acfb588bc43e,1239,909,190,0.20902090209020902,True,0.6968306137201816,0.31671272180538096,0.5599443671766342,0.6854759919481247,0.3259965843028384,0.5649842617670742,0.00928386249745744,0.005039894590439964,-0.011354621772056928
120,f7a1f621d5fa91e5f5261b74b0f95e9fc6c43eee83a5840d1a9d43fe25e8becf,479,7,3,0.42857142857142855,True,0.9850277070488248,0.6190476190476191,0.3333333333333333,0.9568229466676712,0.45238095238095244,0.25,-0.16666666666666663,-0.08333333333333331,-0.028204760381153604
121,f70d1259f715e6623d47df37bf5b8b7588be8a29df97c3395ddcf28f3c3d0593,479,2472,786,0.3179611650485437,True,0.621250291039804,0.5948395149941819,0.7053183076314749,0.6098528720592853,0.6127713873135505,0.7227866670288773,0.017931872319368658,0.017468359397402433,-0.011397418980518714
122,6a99d3112df79557a7417031316e761d2d1abc35b67e36256e7d3be0b0493ab9,1086,2,1,0.5,True,0.662814736366272,1.0,1.0,0.6940943896770477,1.0,1.0,0.0,0.0,0.03127965331077576
123,b451046b48fb9b09ef62da754b867e0fe47b70b2d7b633a80df8844003ade173,374,1,1,1.0,False,0.18741261959075928,,,0.16672122478485107,,,,,-0.020691394805908203
124,43aa78988adc80f98c40cba37f3a1520b2807186af6803370ec3917516539f02,303,1,1,1.0,False,0.01723756082355976,,,0.021718522533774376,,,,,0.004480961710214615
125,68ceea3afb7362d1e08d9accac4cd992cbd6b362ca82f04d9ce3065b6c41831b,491,4,0,0.0,False,0.006628459203056991,,,0.0043763079738710076,,,,,-0.0022521512291859835
126,5436b0c96d4a7c753ac7f78839fff5bb6ec125bcc96fb7c96950154a3bb3ba76,363,1,1,1.0,False,1.4665812253952026,,,1.575770378112793,,,,,0.10918915271759033
127,d961c11c8ae954dfe65b65cd69301d2bd14283d8ff04e922008d5d6ea2d58d91,674,42,32,0.7619047619047619,True,0.39315582616698175,0.9396066969213674,0.8125,0.377246235186855,0.9548074880827213,0.853125,0.015200791161353866,0.04062500000000002,-0.01590959098012673
128,4627aa2aacf78ad348204fa9834aeeebe7d995207e9d1b24d436a8c888b55377,446,969,746,0.7698658410732714,True,0.3612948190132531,0.956697042785196,0.8735708532201637,0.3601233803035674,0.9548989657639317,0.872140203657173,-0.0017980770212642216,-0.0014306495629906602,-0.0011714387096857237
129,beb7fae7842c9e4349fa9945dc8780d4c833b239bfae4a60ed001252bfbca888,387,1,0,0.0,False,0.029978279024362564,,,0.05465909466147423,,,,,0.024680815637111664
130,deb1e81592e944faeb8abca58a46dd2f377d94b7b731410d5224cf6a5806f0f0,1100,7,0,0.0,False,1.0612987109592982,,,1.1458302736282349,,,,,0.08453156266893669
131,eca136c40d393f2d39f140e81433a4293dc7dbac0fce92b2f14eb710dba93d46,532,4,2,0.5,True,0.4392704963684082,1.0,1.0,0.4738960564136505,1.0,1.0,0.0,0.0,0.03462556004524231
132,1e19c3391b8a280a1f7171adce14805fa1b28bfb6341d873c4dbfc60e2c3c44a,600,171,14,0.08187134502923976,True,0.48007502782632383,0.09053562496867396,0.3953594176524113,0.4601398272908222,0.07568149124099605,0.3930846223839854,-0.01485413372767791,-0.0022747952684258888,-0.01993520053550163
133,3852f9866e87e3924b51a305ffe4dc27c3da80a91303de839968c3fdb540cd4c,559,3,0,0.0,False,0.12597579012314478,,,0.09808185696601868,,,,,-0.0278939331571261
134,76863afb5020009cb2f14466ddc04408fadc40d9ee0df31b32d28c07ac5bb520,492,1,1,1.0,False,1.0419015884399414,,,0.9387580156326294,,,,,-0.10314357280731201
135,b36c458f3bcedadad27b226feb1cd4b7843949bc226d5b6124e0a83e2b0a9947,1025,6,4,0.6666666666666666,True,1.6400979260603588,0.7708333333333333,0.5,1.831403595705827,0.7333333333333333,0.375,-0.03749999999999998,-0.125,0.19130566964546825
136,fc054ea649b1081c69a16b7184bde314b91183bb110cb03f95a566a4c900c3fc,400,1,0,0.0,False,0.46766263246536255,,,0.5247981548309326,,,,,0.05713552236557007
137,fdf077d92662bbd5eb25570fa9578e6c964c55f606996b234a574549347a65db,365,8,0,0.0,False,0.01591867028037086,,,0.02179762633750215,,,,,0.0058789560571312904
138,610a922d93b1efeac0ae195304df59fbd25298b33a0d3845b5ca02e70dde136b,419,4,0,0.0,False,0.026030791748780757,,,0.023856861633248627,,,,,-0.00217393011553213
139,2fabd2592a611157652fe1053e93570c261e864efde46cb2fd848464bb45f0af,973,204,49,0.24019607843137256,True,0.5256774592825084,0.515477650343559,0.7877551020408163,0.4793594525499251,0.5139859673421843,0.8118499012508229,-0.0014916830013746996,0.024094799210006568,-0.046318006732583294
140,61d913008cd4f11bf8b4ff3aa9314883f7010fb8ff003ac7dc9c6366fbc368c1,292,1,0,0.0,False,0.48515692353248596,,,0.6118282675743103,,,,,0.12667134404182434
141,a539507f1cf34cb6b40880760972d25e18225905ab582c9ba37d4a5ed4e1d8cb,482,20,3,0.15,True,0.5182391822338104,0.4574074074074074,0.5294117647058824,0.526204963773489,0.42254901960784313,0.3725490196078431,-0.03485838779956424,-0.15686274509803927,0.00796578153967864
142,3fe39bb36cbfa20c45c7bb57b8817fe2b4683b9032730d73eeb7b35d469d8b30,462,1,0,0.0,False,0.22110095620155334,,,0.2065131962299347,,,,,-0.014587759971618652
143,b2721ad16dac1f7766710eec17b071ca9b7c39fe5f8eab14d43b26c83b43e3e0,704,191,33,0.17277486910994763,True,0.9694764373594826,0.1354844604529089,0.3306482546988876,0.9779899108447,0.13444641437667182,0.34695051783659375,-0.0010380460762370869,0.016302263137706163,0.00851347348521736
144,24f0eb74931b9c84a430b42185d7d44ee2b7410bb4f68a0f2b0a5f54105b6927,385,232,78,0.33620689655172414,True,0.34628551013266307,0.8208688897087797,0.9113386613386614,0.3534592893327436,0.8415854069094652,0.9193306693306693,0.020716517200685458,0.007992007992007943,0.0071737792000805545
145,f816ab03602c9408da10e33444e39b92945c59737768e92f81abb608fd23c819,894,54,7,0.12962962962962962,True,0.3894988471939642,0.37261904761904757,0.8054711246200608,0.3905723672661999,0.3928571428571428,0.8237082066869301,0.02023809523809522,0.01823708206686936,0.0010735200722357119
146,6f384e03656ac3e9992326e468b1952ce3b8e13b7d17f1b995e7475155e1875a,566,37,0,0.0,False,0.012737167554725011,,,0.009251607030573478,,,,,-0.0034855605241515333
147,a3f501dbf34ace44543f225cdfcc6d057846e6490b6b8c4f44add186357a4e24,303,18,1,0.05555555555555555,True,0.12057148980804616,0.5,0.9411764705882353,0.12749563663156652,0.5,0.9411764705882353,0.0,0.0,0.006924146823520355
148,3aa67a627f3fe2da094caac66ebc1ecfa3afd9a6698561c328c025922cb017f9,572,1,0,0.0,False,0.007057718466967344,,,0.006090074311941862,,,,,-0.0009676441550254822
149,5ca0bcddcb5d219a2d88dd77319208a8e3c3cb9ef602976608ea611b54fcc8d1,154,1,0,0.0,False,0.25687098503112793,,,0.22472408413887024,,,,,-0.03214690089225769
150,7762b7e6637bdd56653ba85cb8b36c82fab2bb9cfab69a64a28e55582a199e35,806,896,218,0.24330357142857142,True,1.328055742396992,0.42357841068116864,0.72782536331899,1.3631541753543388,0.41063603533550064,0.7345843143622637,-0.012942375345668,0.006758951043273731,0.035098432957346715
151,ad0cc1c2c5ce2ff45edc63bb9dd4ffec48dd4cd5780b7a1aa139d2c83b95d9a9,650,15,4,0.26666666666666666,True,0.7173556707799434,0.3671016483516484,0.5454545454545454,0.6969810407608747,0.5,0.5909090909090909,0.13289835164835162,0.045454545454545525,-0.020374630019068696
152,af08a7ff324698ac0c93d5fd04f80a3d35818f4c597b26ea95a3921c6103bdec,283,82,73,0.8902439024390244,True,1.727511112135267,0.9612007062382296,0.7534246575342465,1.7700947869296482,0.9585390428035141,0.7397260273972603,-0.002661663434715522,-0.013698630136986134,0.04258367479438108
153,b4a3ecbceb3942d26ba21aec714dc003d4a065a282c7f62415140a0b86d049c2,165,1,0,0.0,False,0.4626091718673706,,,0.41861265897750854,,,,,-0.04399651288986206
154,7754e9cd54f2101277fa6629a7b0f396a4537056ca7c31582f3fe0d64f7d26d7,425,1,0,0.0,False,0.39008113741874695,,,0.4086439609527588,,,,,0.01856282353401184
155,4a254ab17fd6e25c6ef061a6a774d2f2083dc87d233eddcad9727fd306e733c0,526,2,2,1.0,False,1.1085684299468994,,,1.0110312700271606,,,,,-0.09753715991973877
156,b23ee3f1e44fe21a0d6688a9905ff49802f4fcfc9134e906dd41f18cb57c24a6,507,177,69,0.3898305084745763,True,0.6044364529582908,0.7102508818276231,0.8113929146537843,0.5934361496645599,0.6635103868188521,0.8066961889425657,-0.04674049500877098,-0.004696725711218597,-0.011000303293730918
157,fda17a1cb2f9d385da768f2d3f13064259403b33f1bc54a4497c8f646412ea96,164,56,2,0.03571428571428571,True,0.14427906090817746,0.17424242424242425,0.8703703703703705,0.147188578782204,0.16233766233766234,0.8611111111111112,-0.011904761904761918,-0.0092592592592593,0.002909517874026546
158,ab1a43aca4bcc58806202605915e1b817ac449b41bc99497f163b2d6d3495e80,1235,1,0,0.0,False,0.01857740990817547,,,0.016484925523400307,,,,,-0.0020924843847751617
159,1369df5299c75742c3d8555bea7cea1c292e70761d59353b55ef1cde5bc01712,973,5,0,0.0,False,0.040334877325221896,,,0.08550107488408684,,,,,0.045166197558864946
160,845aac6ccf05bb051344fc17bed5055169ad447b78533db19a6649181b08f1ff,1056,1100,322,0.2927272727272727,True,1.0291624539593762,0.5073571935208852,0.6773259991377797,0.9757704340103919,0.5059517559052081,0.6806371648916636,-0.0014054376156770187,0.0033111657538839046,-0.05339201994898435
161,4fb8867e82369936eac6cbbf8558f9b971303b2d8c510ad4c2b8e93dbf68bfc9,1056,1,1,1.0,False,6.3091325759887695,,,6.872802257537842,,,,,0.5636696815490723
162,36a16619dda5a227713d0ace21252b0cf1109b20e1fa7a1e61679d3605e4a317,1056,3,3,1.0,False,2.5924197236696878,,,2.692124386628469,,,,,0.09970466295878122
163,0398f25f8a0f4a4191727351d2fd54d124020728f209a603d3dfc039e2b3299d,352,2,0,0.0,False,0.4865764379501343,,,0.45101021230220795,,,,,-0.03556622564792633
164,5027cd79ae00ec6b79cc187bc13d95a3f0abbf588e16a2765db0009366148c92,314,1,0,0.0,False,0.6158877611160278,,,0.6649830937385559,,,,,0.049095332622528076
165,9cac7b173570cf94418656018c456f00f9c8714d17d1c202336fb9b392e55cce,149,2,0,0.0,False,0.37009668350219727,,,0.3973698616027832,,,,,0.027273178100585938
166,a6614d1afb4f81c2a9d1ff53b8e488df5e3562149467df95376638acb4e3517a,478,85,22,0.25882352941176473,True,0.3552815265077002,0.7963871480169734,0.9177489177489178,0.351497962588773,0.8382729831710483,0.9336219336219337,0.041885835154074846,0.015873015873015928,-0.0037835639189271464
167,e5c0248c5aa1f339c0309d17b42021729fbaa94a140aafa783207269eab1cea4,306,3,0,0.0,False,0.2310960739850998,,,0.2215855990846952,,,,,-0.009510474900404603
168,2c99789f474244eda144c66a3c3144a15c32174a11148bfecbd5c4e4705a8a5e,292,2,0,0.0,False,0.08650657534599304,,,0.08091539144515991,,,,,-0.00559118390083313
169,19f587125f5b769ea047d6def4cd0c61767abadcd28b30be92abaef78b3680e6,1257,4,0,0.0,False,0.02687623118981719,,,0.03001110954210162,,,,,0.0031348783522844315
170,58a60d75c2f22908ff441d1bd2dae8746cb582ac51156a65e73080bb78b822b8,1257,1,0,0.0,False,0.10954678058624268,,,0.1313365399837494,,,,,0.021789759397506714
171,bd8de19bbd2d4209996aa35cb6bd38e11a20b9116f9d9980467e87eeb59562ef,824,2,1,0.5,True,0.8726436123251915,1.0,1.0,0.720738522708416,1.0,1.0,0.0,0.0,-0.1519050896167755
172,8467c6741f2857ca91778fd22d087b993d50bbafd448c5047697e084b9f73bc2,500,4,0,0.0,False,0.022641517338342965,,,0.020000624703243375,,,,,-0.00264089263509959
173,75d56b10a2333553c758f86a0f55199fce32b36120f166f2fca7fe1365931dbb,535,16,0,0.0,False,0.051677053328603506,,,0.047816607577260584,,,,,-0.0038604457513429224
174,e9576847dd0d96ea4e2ff7cb42db4c9d53c8acef6306c45a4fe6a48814b9f35d,608,1,0,0.0,False,0.019132321700453758,,,0.01903609000146389,,,,,-9.623169898986816e-05
175,b2c990ba31b043f2e3029746535efd35e18656597c027a86068758bb928430d4,461,71,52,0.7323943661971831,True,0.6126560830104519,0.8148987604063568,0.5809716599190284,0.628176584603711,0.8102356091115328,0.5789473684210527,-0.004663151294823975,-0.002024291497975783,0.015520501593259017
176,efe21235a288be16b0ce8483ecf4e2f9706a2ece869a0d2577bae583275542b1,191,2,0,0.0,False,0.2837149351835251,,,0.29940302670001984,,,,,0.01568809151649475
177,caa03133ee28bebfee10e07499ca1b1f1d3472156a33f4c2b5ea7ed92b95f3ff,863,1,0,0.0,False,0.028258074074983597,,,0.02197585441172123,,,,,-0.006282219663262367
178,aed2be01843192795b0a63e0516aaad7b3981d02bbfba2592a5284a3c6a8d741,863,1,0,0.0,False,0.02729322575032711,,,0.021352136507630348,,,,,-0.005941089242696762
179,b603845dfbccc07675f58341d7448f44fbcdc0581d81ef131b0eec01d73da9c2,863,1,0,0.0,False,0.027606898918747902,,,0.021375520154833794,,,,,-0.006231378763914108
180,e44b3c2e985461bd0d2f67fd248d21d7f8f0666da13dbf9310122b1aeb29a7ed,863,1,0,0.0,False,0.028258074074983597,,,0.02199925296008587,,,,,-0.006258821114897728
181,29ce00d6bc20e7b157553592b6d57aa3e1b334625c0f11dd4c6a80538e033202,863,1,0,0.0,False,0.028156055137515068,,,0.022069446742534637,,,,,-0.006086608394980431
182,b23401a131a4e8ef2d03da959b62281801861c2efbecf618ed9e59a05b70810f,863,1,0,0.0,False,0.027559839189052582,,,0.02143397554755211,,,,,-0.006125863641500473
183,9ffe296974a58a20189932f1c4fa22155e89bff212dff88dad8697fc2fdfb1f8,863,1,0,0.0,False,0.027763767167925835,,,0.02160157822072506,,,,,-0.006162188947200775
184,2ff8d871ebc4f48fad701e97aeaa023f6664a4e39feada6109dc10c0bc879f6d,863,1,0,0.0,False,0.027426525950431824,,,0.02135992981493473,,,,,-0.006066596135497093
185,6f227441357ef4d2643f527f5ff4439445c58a37bcd6dab34147bb877b240ecd,863,1,0,0.0,False,0.028681959956884384,,,0.022155247628688812,,,,,-0.006526712328195572
186,76520f3dad38e12fc2452baf528b008969b9bc78a5453cb7aa02aa5937b07d0b,863,1,0,0.0,False,0.027701016515493393,,,0.02176920510828495,,,,,-0.005931811407208443
187,30b91560d50d37c319f25ebef05dce6eb309936377b6a25ecafb4cc7e22edada,863,1,0,0.0,False,0.02870551310479641,,,0.02236197516322136,,,,,-0.00634353794157505
188,71480e08d6b2f0c8cb700a789f6a7c1e48b7fb32210089707162ad4d8102ed5d,863,1,0,0.0,False,0.027614740654826164,,,0.021624965593218803,,,,,-0.005989775061607361
189,8142c6f27f418d0c131968215af9230274d11710e85a552564054cbfde7bdee3,863,1,0,0.0,False,0.028313010931015015,,,0.022049948573112488,,,,,-0.006263062357902527
190,8da96f64a11580e9f1fb752678c6ff6a201589fbd564e09bdb0251b5505c24f1,863,1,0,0.0,False,0.02726970613002777,,,0.021340446546673775,,,,,-0.005929259583353996
191,f7e8219688cd498b48246d6e96633ae2f06e84ffbc5161eddc7231c283ac9b83,863,1,0,0.0,False,0.02786574698984623,,,0.02197195589542389,,,,,-0.00589379109442234
192,fb48ccd01a60e546ad61b65c2cf6d4c0ee5f01676b2269d325eda771a28c8eea,863,1562,181,0.11587708066581306,True,0.43841617459661736,0.2257813088224474,0.5800784922447901,0.43079509630429774,0.21769738320064091,0.5711551001956305,-0.008083925621806487,-0.008923392049159595,-0.007621078292319616
193,2f6e0c09aa9ba2acd460ba3c85e664af0cb0056c503f7ace7d6217f7cb421ce4,125,7,1,0.14285714285714285,True,0.144911661083045,1.0,1.0,0.16731793050088786,1.0,1.0,0.0,0.0,0.02240626941784285
194,57a662a606e8b6f948d623a6fe83f753147e2793d3e62f0c1d347818fd10cba8,335,1,1,1.0,False,0.9319150447845459,,,1.08070707321167,,,,,0.14879202842712402
195,0e0259766db52ed600f31461caec7d2779d5eea4f7cc9b6627c632336a1ac13b,363,88,0,0.0,False,0.019070663464266214,,,0.01393566341986033,,,,,-0.005135000044405884
196,dd312bcf0e9257500ea519d2ea6cefab16fa71a3bc8e4a23e17c43abf8c6663a,533,60,0,0.0,False,0.02420281339103288,,,0.015625082268464516,,,,,-0.008577731122568363
197,0f5d8c9416a7a9a821eebdb9846802d8fe28a90a77532c09ac4e8d2e36f13b4d,363,44,27,0.6136363636363636,True,0.63493176786737,0.8003825981400585,0.7309368191721133,0.658431256020611,0.7689323770250046,0.7026143790849673,-0.03145022111505391,-0.028322440087146017,0.02349948815324099
198,770f82bab4e2c7fca06408858d1a973085c73c88afb3a629b827ce2d6e77797a,292,2,0,0.0,False,0.00493744840787258,,,0.004202292984700762,,,,,-0.0007351554231718183
199,b19ed740e19349873e90269592156769a66f859091c1eb70c68ca36a287fa594,243,2,2,1.0,False,0.7835686802864075,,,0.6287210881710052,,,,,-0.15484759211540222
200,e10ad9b55fea310130b84dde11165612a327b6b2645e4fa75db486193e1fe328,986,10,0,0.0,False,0.10503742786240763,,,0.09156636235420593,,,,,-0.013471065508201707
201,b9bedc4062e95d7b21e958762a90591546b3a89a98336adb952d1ba70d908a20,463,63,17,0.2698412698412698,True,0.2056414301669787,0.9606979406902008,0.9872122762148338,0.21209555286322795,0.9606979406902008,0.9872122762148338,0.0,0.0,0.006454122696249259
202,96f43834cce2469c56ae83773ad277faa9068e62f21a9d5d95152b0c7d3ad106,293,1,1,1.0,False,1.2860249280929565,,,1.232911229133606,,,,,-0.053113698959350586
203,8d3f2bd5a7b27e55461d2983ba5168bd26af653c8b8c17e4e12adac633e55b12,92,1,0,0.0,False,0.5427003502845764,,,0.5283116102218628,,,,,-0.014388740062713623
204,e00603b28a4d12d157fc1c16e54805643bcc4a3d116d908ed03773881e0b59ac,231,2,2,1.0,False,1.5061563849449158,,,1.2322223484516144,,,,,-0.2739340364933014
205,380b423248f22f1b3527bc71128634fd55bdc4d4178b61c957d48459adafdd2e,438,1,0,0.0,False,0.07448364794254303,,,0.059975381940603256,,,,,-0.014508266001939774
206,ec897c77a3a46b9ca2108bd977ee661e6e27a0a480798a07033c0e3cb604dfb4,283,2,1,0.5,True,0.6436782628297806,1.0,1.0,0.6967949271202087,1.0,1.0,0.0,0.0,0.05311666429042816
207,ad83e8b6f9f6d166b2e5bf7ecc7aad2116e8650a72041f6eee30b9649f72e47a,531,89,18,0.20224719101123595,True,0.5661888665237119,0.2147332007666251,0.5473395931142411,0.5662002900230771,0.22019270292109097,0.5700312989045384,0.005459502154465862,0.022691705790297334,1.1423499365226242e-05
208,970c1c9b695e8fe36f25b5496352f06444a08a34cf3c62b3a58ccf74d2ae6e88,531,72,1,0.013888888888888888,True,0.08817915291809994,0.5,0.9859154929577465,0.08779637984763314,0.25,0.9577464788732395,-0.25,-0.028169014084507005,-0.000382773070466802
209,8b7a8edddb69416ef14cd328ec590a08f5affebe3c6ccb14251b90c93ce224e7,784,2,1,0.5,True,0.6776959896087646,1.0,1.0,0.6672302186489105,1.0,1.0,0.0,0.0,-0.010465770959854126
210,29b2db740200c028dd69ed8c4bfe70ccf4e416053affcbc578c9894bb9064828,1248,534,3,0.0056179775280898875,True,0.06176409059016022,0.032858786310037386,0.8939108600125549,0.04685985974166906,0.04584722092431652,0.9246704331450095,0.012988434614279135,0.030759573132454587,-0.014904230848491157
211,e41e266f6f5adc35d94a7a7807f47efd78ad40e93e03dc0ac81301872ac55f74,797,585,33,0.05641025641025641,True,0.5761200097227831,0.033624467611369155,0.17182696530522618,0.5678409807305409,0.03401177003790853,0.18011638120333773,0.00038730242653937236,0.008289415898111552,-0.008279028992242199
212,84750c804b7bfaa9857850ecef23aee009e3c1326d30eacf3c7fdd4434940ae8,367,105,13,0.12380952380952381,True,0.24186235224811492,0.7067407645252969,0.9030100334448161,0.24006341501621398,0.6980724403801327,0.903846153846154,-0.008668324145164163,0.0008361204013378476,-0.0017989372319009433
213,52be27e75c22903959798a15f4e97cb31a0b7f008bc93534ee62706125120154,358,25,3,0.12,True,0.12209364903857932,1.0,1.0,0.1383623828785494,1.0,1.0,0.0,0.0,0.016268733839970087
214,58fbf941bafebc827b71370877633d5aef5f90578707723930c0d404e2c46117,452,168,22,0.13095238095238096,True,0.6145059237744481,0.10015456861615672,0.35180572851805736,0.578448626503814,0.10999340558775053,0.387920298879203,0.009838836971593809,0.036114570361145626,-0.036057297270634114
215,537c2b17f1b0954ee56af9fbf0589a3927a9cea3a572713695973e651176418b,677,1,0,0.0,False,0.21836374700069427,,,0.1923571079969406,,,,,-0.026006639003753662
216,4e5352fa55a299afd9e83cc72fc3aaa0a10c915f75b91d32196f50d983bbdcfb,255,2,1,0.5,True,0.653353214263916,1.0,1.0,0.6790874004364014,1.0,1.0,0.0,0.0,0.02573418617248535
217,151cd778d4fb53f442fb1fcee3b51f9aea5a707a54a4ea4f4fafb2353492727f,447,1,0,0.0,False,0.46474403142929077,,,0.4747021794319153,,,,,0.009958148002624512
218,c81af0b7e1051157489bc32314c4494dda7f41148468a81f05882c46fca7d120,561,48,0,0.0,False,0.06238295133031594,,,0.06515948193070169,,,,,0.0027765306003857473
219,efc6a2631eaf7d430e481901e412aa0c8e4fb63089a7c3a7f2ced63ad2a01ca2,299,5,0,0.0,False,0.03459424264729023,,,0.03343676012009382,,,,,-0.0011574825271964129
220,daef7b62af96741bd678d90574d04c60b24d058e0af5e97a2c7ae0fc724eb060,1092,4,0,0.0,False,0.0007277479562617373,,,0.00027210307234781794,,,,,-0.00045564488391391933
221,f85029425301f18233afce91715f166699ef7d872bdd08096e9f1723d7e81cbc,1730,3,0,0.0,False,0.004911774264958997,,,0.005538939265534282,,,,,0.0006271650005752845
222,f2c96504a7aa7625ec558bb592a25f9b681017242443ecc99bf64f6688de8045,687,1,0,0.0,False,0.00512815872207284,,,0.004702641163021326,,,,,-0.00042551755905151367
223,3a339577e71d3f0e1e154a93e23e643384d1fe5d59ecf1c93a1f1aaaa333e29e,365,16,7,0.4375,True,0.5078996955417097,0.8809523809523809,0.873015873015873,0.5213461244711652,0.9038342609771179,0.9047619047619048,0.02288188002473701,0.031746031746031744,0.013446428929455578
224,8631b9d9e4d07205371ab8daadf3c88025d967bbb1c242df4cf2fda481f3f58f,280,6,0,0.0,False,0.0047448796006695675,,,0.0036497058366270116,,,,,-0.0010951737640425559
225,43cd6328b386bbe69c69ce512c9aa51472f4caf22f8ce0e3208159c4fcf9e1b7,1018,1,0,0.0,False,0.07751913368701935,,,0.08228228986263275,,,,,0.004763156175613403
226,4f56b82d4d9b11b3c8b955f108d1eb4a545958b01e3a29a7fa4864220fa424be,388,340,206,0.6058823529411764,True,0.4988618979942711,0.8779692469765812,0.8216562816983045,0.49704777500866093,0.8777313427691931,0.8266917837994494,-0.00023790420738811768,0.005035502101144895,-0.0018141229856101782
227,2600a5e9a712fc9ed4c845f5c071937e93cbe8eb513747d9f327233a3bf88098,821,2,0,0.0,False,0.4836926758289337,,,0.5375122725963593,,,,,0.05381959676742554
228,7ffab08dc43dc6b495d791cfcccb2bfde31fbf75e2531b0f031c588d71efbf34,931,2,1,0.5,True,2.487994914583396,1.0,1.0,2.608641596394591,1.0,1.0,0.0,0.0,0.12064668181119487
229,a6c4fc4c07e64e1b73815d4ec9dae9f1a133989c1d614e88ec844e157fd225d9,421,100,38,0.38,True,0.43787311103194954,0.8697070702005552,0.9085314091680815,0.43634978929534557,0.8757452392698841,0.9123514431239389,0.006038169069328969,0.0038200339558573937,-0.0015233217366039664
230,1ee6bea8534618823c660f957139a791c71c81a17fd5379625ef4bde00947f16,464,26,12,0.46153846153846156,True,0.5573209013360051,0.7847866193260931,0.7797619047619048,0.5478315389213654,0.788518528756532,0.7738095238095237,0.0037319094304388845,-0.005952380952381042,-0.009489362414639713
231,c985034dc82a17feddef34429c5265038e8d676bce8b7d60729c3aa3a6b0788e,204,1,0,0.0,False,0.17457574605941772,,,0.17098470032215118,,,,,-0.0035910457372665405
232,0b7b4371349d430586f14fcc356499e91f31b6c9212ea6201bf7d5b0e5dae343,673,345,113,0.32753623188405795,True,1.6625329609151316,0.3252355185051624,0.5,1.6099824928193087,0.34893623444039307,0.5324610924626183,0.023700715935230654,0.0324610924626183,-0.052550468095822866
233,7c607cca29329f9af68b7e9e53a07406a24d8dd221e8cee136abe087320a9fa0,879,138,122,0.8840579710144928,True,0.7415445355995409,0.9223762269010396,0.5607069672131147,0.6661207290582251,0.9286336666382574,0.59375,0.006257439737217818,0.03304303278688525,-0.07542380654131586
234,f2633ab9f14fa267c624365f827cbae0aeaec347460b3b2ffaae5059b80b9968,702,121,3,0.024793388429752067,True,0.06040623332811558,0.8333333333333333,0.9915254237288136,0.050821854027463434,0.9166666666666665,0.9971751412429378,0.08333333333333326,0.005649717514124242,-0.009584379300652146
235,4ada1ed6dadcf529262962ac8d79624912dbe304b6b40bbad167c44dc624c12c,516,1075,514,0.4781395348837209,True,0.7864032142287727,0.5790426040230034,0.6729956927942737,0.7904927711666366,0.5784929469239737,0.6701883795612338,-0.0005496570990297656,-0.002807313233039954,0.004089556937863947
236,2a058e6b5a08973efb610019314b7b30c76f2f410556984217dc417c9784e6d0,688,1,0,0.0,False,0.005845911335200071,,,0.0025323480367660522,,,,,-0.003313563298434019
237,fecc0d9308aa0942c69e04dd9722696997139a138086a677e0518cf490da488d,614,237,0,0.0,False,0.03084627463789814,,,0.027899344306451933,,,,,-0.0029469303314462077
238,ae85a7468912cb46696b38c5e6a68d1f58592fa54b5e091a1236bdeb2b48776d,1522,4,0,0.0,False,0.0013154523969660659,,,0.000705418603729413,,,,,-0.0006100337932366529
239,d2b2774c7eeb65caca5bb4c6be7085ab6e7001f22d6b24df8c5a0170f7cf721b,206,1,0,0.0,False,0.3998655676841736,,,0.385763019323349,,,,,-0.014102548360824585
240,ec3515798a032df040d3e6c5147b3f8c2621463f8288b0754e884bb7a8f28ccf,602,45,0,0.0,False,0.07429754005538093,,,0.10863811313045314,,,,,0.03434057307507221
241,dd1e54145542a8168e88098e7107d38b93a4ca04ef9ec96e1c276c7ee465b48c,538,3,0,0.0,False,0.28748607138792676,,,0.2818562388420105,,,,,-0.005629832545916258
242,0d02f196f4e9e17724e195135c2d322934acb0f3188d944cb5c72e3f39bda6ee,398,3725,2032,0.545503355704698,True,0.5638378189293505,0.7987723307283395,0.7747513499309338,0.5654266464113626,0.796486497236971,0.7742862574472934,-0.002285833491368572,-0.0004650924836403503,0.0015888274820121673
243,e4e12a7c205948136fdc4d745c75764b9e794ea53dcf403485bf889a14ab85af,665,9,3,0.3333333333333333,True,0.6882361923861835,0.6984126984126984,0.7222222222222222,0.5936551701484455,0.8055555555555556,0.888888888888889,0.1071428571428572,0.16666666666666674,-0.09458102223773801
244,1d85f4ef06b7d5ca71e3a4bb4f874e12d7a49ecdc3b3d80234ad1e698de58135,486,203,131,0.645320197044335,True,0.6592918617898608,0.7632740309434906,0.6726039016115353,0.6433526884232249,0.770153178474555,0.6728159457167091,0.0068791475310644445,0.00021204410517383643,-0.01593917336663586
245,59c41a6d039baca066f5751d5d7e0789a011cef987e5c1c07bd8fd307e074a2d,968,7,1,0.14285714285714285,True,0.3504547806722777,0.5,0.8333333333333334,0.39976881657327923,0.3333333333333333,0.6666666666666667,-0.16666666666666669,-0.16666666666666663,0.04931403590100153
246,d4f58525f3955d72cdcad5fc3eb3be55fbf2bc1eb591aa4f94ea4c076354fcd1,467,33,6,0.18181818181818182,True,0.6900451750014768,0.39189016602809706,0.6358024691358025,0.6901427178897641,0.4918901660280971,0.6975308641975309,0.10000000000000003,0.061728395061728336,9.754288828733859e-05
247,f5fae01fec2cafada1a9dfde5893ec4354045446bf83f7f3dbbd2095d5bc548a,364,4,3,0.75,True,0.5045459242537618,1.0,1.0,0.5276688458397985,1.0,1.0,0.0,0.0,0.023122921586036682
248,0005091cb3c277123e3a0b90c22eadb48f41111ede450925669dc482ed4974c7,1085,1029,704,0.6841593780369291,True,1.2261555813994183,0.7289713145295087,0.5765297202797204,1.332120005654097,0.7184328694391828,0.5681009615384616,-0.010538445090325865,-0.008428758741258813,0.10596442425467867
249,c3b1a657ddb50582f9d27894ee0c00b3fa7d4916c170298af59251570d5f0cc6,170,53,45,0.8490566037735849,True,0.28000523698217467,0.9556479554091585,0.8638888888888889,0.28488563183905946,0.9607570171358569,0.8680555555555556,0.0051090617266984495,0.004166666666666652,0.0048803948568847955
250,70ef1ae8ca11b378b5a3d0168b3fb0451bdc1572cd51691425647b2837976298,499,410,224,0.5463414634146342,True,1.2504779541762774,0.55588044080829,0.5026641705069124,1.341100477635088,0.567037148201057,0.5134648617511521,0.011156707392766974,0.010800691244239768,0.09062252345881072
251,c591e801966034a89710698092235853815ea316b9fa03d93c81c01740e52468,341,3,0,0.0,False,0.00053729234302106,,,0.0006083657935960218,,,,,7.107345057496184e-05
252,e8b0df899f463a7b9babf122a4b47e4e2b3f7714a40b1233a22e2eb91dffd420,362,4,3,0.75,True,0.8093037568032742,1.0,1.0,0.7883141096681356,1.0,1.0,0.0,0.0,-0.02098964713513851
253,3394a44c77135f9edf6d1f3be38c64fdbf7e38bad6cdbf742241f2c25025b7c1,839,547,308,0.5630712979890311,True,0.35721300940507755,0.9263918619976806,0.9213035918056839,0.3451769066901309,0.9312209257851503,0.9281774710645004,0.004829063787469612,0.006873879258816551,-0.01203610271494665
254,75cf6b6f426db6e9a4389f5aa7d82a86b2917e1a6724de5dc36eece0ff8e2fb1,839,4,4,1.0,False,0.07081584073603153,,,0.05323625169694424,,,,,-0.017579589039087296
255,a334502a3644800972ca9a0a14b3439b6ec688ada9704be2133df0b57c31a32d,346,2,1,0.5,True,0.8613837510347366,0.5,0.0,0.8983320593833923,0.5,0.0,0.0,0.0,0.0369483083486557
256,a8c129d00644df5c0d462627f2d63604fa1039ccb02b253e9cb1164468d95485,204,1,0,0.0,False,0.492920458316803,,,0.5891303420066833,,,,,0.09620988368988037
257,a6c6ce2e9f4e5cb666bb7e8efde9a85af559edfd95a168e507f428eeaaa610f4,1001,9,6,0.6666666666666666,True,0.4612013302329514,0.9150793650793649,0.8333333333333334,0.44361596275120974,0.9150793650793649,0.8333333333333334,0.0,0.0,-0.017585367481741665
258,858eef698e340a48197f1b0c0efb6fcf3eb9b784651ce97f8c8b11ad92a45a8f,994,8,0,0.0,False,0.10377774515654892,,,0.08938504487741739,,,,,-0.014392700279131532
259,b670d96ac031d642bcd46a7d3df563138ff90dbe4e385dcc2b475467300706ea,809,2482,560,0.22562449637389204,True,0.6310567170940452,0.5148961281873057,0.7106450683811506,0.6386419401474456,0.5233077134720632,0.7099059759179427,0.008411585284757495,-0.0007390924632079132,0.0075852230534003695
260,25ab3cca557905b9537c10956ad577436826675e2f7f7734f2264d5cbb5b953b,567,82,74,0.9024390243902439,True,0.5580846274771342,0.9294044934767234,0.5929054054054054,0.5935493602258403,0.931557798325672,0.6081081081081082,0.0021533048489486006,0.015202702702702853,0.035464732748706096
261,10ec18f4b6dfdf8a11c14634e569b35f7c8e275e1f39f00a3cf7fae28b6f0f40,1603,26,7,0.2692307692307692,True,0.34986344329976976,0.7520408163265306,0.9135338345864662,0.35067973679039055,0.7520408163265306,0.9135338345864662,0.0,0.0,0.0008162934906207897
262,b910f9e7d091cd3418718189dc8b8005872ac8951570c0dd7fa8e301d93b52bf,1018,1,1,1.0,False,1.8056495189666748,,,1.682147741317749,,,,,-0.12350177764892578
263,27de9ad3831d4b8712fea8c5edcf7f89de9b16d915e147994419b6874c948f88,386,1,0,0.0,False,0.7872861623764038,,,0.8328359127044678,,,,,0.045549750328063965
264,12e9cffe82f11ae66a2c73026bf339b2dca054d3cbe4a5b0b28064dfdb1f1166,373,77,32,0.4155844155844156,True,0.6579179369977542,0.5953231999095614,0.7798611111111111,0.6354338471572121,0.6103991773516317,0.7809027777777777,0.015075977442070343,0.0010416666666666075,-0.022484089840542176
265,085f64e87f122bc4cc9fda3e06841fd9d75f204a8d3f0a012f5badfdeefa6068,271,31,1,0.03225806451612903,True,0.08636672255553064,1.0,1.0,0.0936529953483372,1.0,1.0,0.0,0.0,0.007286272792806553
266,0ae58e2deeb81da0a7533267334f568331e9160a32bb50de4d55a0ed56ca83f9,389,2,1,0.5,True,0.8413423942402005,1.0,1.0,0.9210954317823052,1.0,1.0,0.0,0.0,0.07975303754210472
267,1abdf9f5fe8a5ce4b11f9b7b9cbbd0bc1697da6c82615add5f03f1f0cb3a0cbf,297,3938,822,0.20873539867953275,True,0.47363988542618657,0.5717484683520571,0.838720332074623,0.48316783362565047,0.5857581831136881,0.8387125236984219,0.014009714761631042,-7.808376201179357e-06,0.009527948199463898
268,7e1543b81af18b5043ae3495d063621d32f4fdad5102392cbdf20eb672da8510,743,2,0,0.0,False,0.0776215773075819,,,0.07124040834605694,,,,,-0.006381168961524963
269,ddab1c5167d42c84b170a11fa750a41dd9e90bb66029045a096ee4781e84c141,1429,42,3,0.07142857142857142,True,0.5826469100124779,0.13986928104575166,0.641025641025641,0.6165615617341939,0.13106295149638802,0.6068376068376068,-0.00880632954936364,-0.03418803418803418,0.03391465172171593
270,c5158f5b655d67de07d6eb63e3de8d56dae628bbf9d60ddb27d479d5686cb629,363,2,0,0.0,False,0.001886318379547447,,,0.001670906989602372,,,,,-0.00021541138994507492
271,99696d99805e81c256daeac3d153dbd817d4275925b8e32a2f8795d7d8550e1e,363,2,0,0.0,False,0.002088712644763291,,,0.0018599260365590453,,,,,-0.00022878660820424557
272,f90f3ab73b6172d8d35c2fb50ff4595200d9218735b09e4c1469b867a029b25f,363,24,0,0.0,False,0.42868039341798675,,,0.3416771746900243,,,,,-0.08700321872796246
273,3dca755a0e8feeb6964b19f68d2c263ddba42070eb05bb66f16c4545a1459309,386,1,0,0.0,False,0.3628673255443573,,,0.3339850604534149,,,,,-0.028882265090942383
274,3857272f8a0735dacc5f841ed7493306cead70cbe32677a45fa955b7ca4275e5,953,943,32,0.033934252386002124,True,0.11779737806908798,0.19391685164795627,0.876475027442371,0.12183804564240149,0.1843355858937065,0.8702147365532382,-0.00958126575424978,-0.006260290889132825,0.004040667573313506
275,7d63ea72f044c765d2cd2508d77637f2b51e1885351663fbbd5fb12fa80d0526,386,54,51,0.9444444444444444,True,0.6213597991262321,0.9532088457721665,0.49673202614379086,0.718590308394697,0.9391825610582785,0.39869281045751637,-0.014026284713888004,-0.0980392156862745,0.09723050926846488
276,d5c65768da8e7bfb7eb2bbb18fe1e95c3b8b8dd6e8be2d3e64904810c962c64d,428,164,0,0.0,False,0.023777454523596822,,,0.025816326289403637,,,,,0.002038871765806815
277,3a2e230ed99300f3b9ec134e40f4688d6a13e53814bbe6abade3979cc3322025,230,44,3,0.06818181818181818,True,0.342867014210676,0.5294117647058824,0.7317073170731707,0.2968235454611865,0.5858585858585859,0.7479674796747968,0.0564468211527035,0.016260162601626105,-0.0460434687494895
278,946bce3cad39f082721fcbaccd4ab6009def1f9e713a646f2816ca911b97ee67,471,221,54,0.24434389140271492,True,0.4720302629389914,0.5634418813918908,0.7885894876912841,0.4568864942793798,0.6030563488088176,0.8020625415834997,0.03961446741692687,0.013473053892215536,-0.015143768659611645
279,9699cdd0bb8c6c67e19777dc8db16b5957aa910af2d7d807717f53b55595024e,776,4,1,0.25,True,0.3030845634639263,1.0,1.0,0.3438631972530857,1.0,1.0,0.0,0.0,0.04077863378915936
280,ad44e743299586efc722843d95a625797df672ab3f36584d0ad6625ddd4283dc,747,102,29,0.28431372549019607,True,0.6150419227870217,0.7049644078183636,0.8634860651865848,0.6613839653745184,0.7097197767629716,0.8677373641946151,0.0047553689446080405,0.00425129900803034,0.046342042587496635
281,810f6f4c24621e519aacbf343b9a719eba1827efc16356b33f1d65e2989727b7,349,78,33,0.4230769230769231,True,1.0967932434704823,0.5140756617738684,0.5461279461279461,1.0580639504254437,0.5229802163173242,0.554882154882155,0.008904554543455734,0.008754208754208848,-0.03872929304503869
282,61a8a371f1b70d7125fc8b880d4de6e38b5bae795a62534b4159081c659cf1a8,331,1,0,0.0,False,0.1247720867395401,,,0.09917803108692169,,,,,-0.025594055652618408
283,953e5a14914d1ad98626b7b4ac1d6a648f6b0c304b6297384a065c1c606143ab,403,2,2,1.0,False,0.4330545514822006,,,0.4035315662622452,,,,,-0.029522985219955444
284,26cfdcc5ce629ad4a8471ff05634a3303cc1b96b18d1ec4718789f41b71ea7b2,528,13,1,0.07692307692307693,True,0.38839313596858677,0.5,0.9166666666666666,0.4018731677816294,0.5,0.9166666666666666,0.0,0.0,0.013480031813042637
285,d040b00cc12fdfad9a0adf1073e41775711b73c1df6c46ecb359f645eca9217d,560,59,6,0.1016949152542373,True,0.44088891569240873,0.10448693568633598,0.4528301886792453,0.4701674785070374,0.0955546982583387,0.4119496855345912,-0.008932237427997272,-0.04088050314465408,0.02927856281462865
286,c6c68b0fd0d91ac09b4d54081495e3a55d20808d2506fbd3cfa99ee0129dde5d,251,332,60,0.18072289156626506,True,1.0844445985764093,0.15954443775355953,0.45667892156862744,1.0693318894858288,0.16085755993082815,0.453094362745098,0.0013131221772686164,-0.003584558823529427,-0.01511270909058049
287,03800bb583d90792d26311c362a04a4c74a5f2fc17dda3c809b78098490f2e25,536,63,16,0.25396825396825395,True,0.8262775238780748,0.17269036088672463,0.20212765957446813,0.8523089289665222,0.16631463313707645,0.16090425531914895,-0.006375727749648175,-0.041223404255319174,0.026031405088447368
288,0ba14e92345e90b63be2d39c6b090e486a6f38319d490fccc6b6d7d677e10278,657,1410,429,0.30425531914893617,True,1.17970397055993,0.43110112960324654,0.5905300951172512,1.1721478214442436,0.49263232318486866,0.6388550287632856,0.06153119358162212,0.04832493364603441,-0.007556149115686361
289,61b739f0d4e58e2d17cde75ad3c12b723bce7af42f8ef8dfd20bf95cdc397cbf,361,164,19,0.11585365853658537,True,0.484312872548599,0.10572250129490904,0.4609800362976406,0.4538834145613492,0.12267264583245543,0.5328493647912885,0.016950144537546397,0.07186932849364791,-0.03042945798724983
290,38c6292ebae67403a8860dcfb781ffcf08d903d9469d52aa8af6edcc2f00b103,447,98,3,0.030612244897959183,True,0.10454812555504685,0.367816091954023,0.8982456140350878,0.09920286415187862,0.4619047619047619,0.887719298245614,0.09408866995073889,-0.010526315789473828,-0.005345261403168225
291,d1aa33d87a4242977c536c3dc0c239815a13b9e5b6cd285418255a7345a72ac0,712,305,143,0.46885245901639344,True,0.5121262611271661,0.8686282154676759,0.8723992057325389,0.5065813508190092,0.8824722061097623,0.8851118017784685,0.013843990642086412,0.012712596045929558,-0.005544910308156847
292,b75060695513d21ac502da540921882c3e99fd716a491e99f6757d7b78b3c62b,372,6388,2413,0.3777395115842204,True,0.46583543469627553,0.7860164550583376,0.8532804228667048,0.4563501323740224,0.795863898154704,0.8573580214091907,0.009847443096366426,0.004077598542485905,-0.009485302322253142
293,d07f358041e5544db9bb8d1b947033d6509bb0c26d75050370ce84a13a5c45d6,373,5,0,0.0,False,0.004995950171723962,,,0.0042534492444247,,,,,-0.0007425009272992618
294,7e96e69b025cee877e8b52d0ef514a84ddd206a0f1ee5febf29a7c682e5cb78f,1076,342,139,0.4064327485380117,True,0.7013050765289288,0.588354269554276,0.6323492929794096,0.6806860265447295,0.6013428502681566,0.6439026119006273,0.012988580713880538,0.011553318921217692,-0.020619049984199278
295,34c69b7a4be8168c8acba2ed65e2efe153b9ea6487d2fc9bed8b34e4d9fbe7cf,370,2960,1950,0.6587837837837838,True,1.1892980059313059,0.7458704127643752,0.6114259964457984,1.1985248487354634,0.7442449053524464,0.6091010408733182,-0.0016255074119287949,-0.0023249555724802473,0.009226842804157531
296,d346a521e96f86e11e38b355471d2b8d4d30783e76eeca8d536565009b0a4b58,812,10,0,0.0,False,0.26911011189222334,,,0.26972883455455304,,,,,0.0006187226623297071
297,99e4e7960700532799dc7064b6ed16cbc6432ae1c9eae245227e89ac43d42ce1,1132,1,1,1.0,False,1.0955651998519897,,,0.9808292388916016,,,,,-0.11473596096038818
298,6d5dc046360ddf30d8e647741d3fcf83873c4b533f6da6801cfe749d7921d896,1104,182,48,0.26373626373626374,True,0.3198423577232061,0.8358205346954026,0.9280161691542288,0.3218224314287699,0.8395753350756917,0.9273942786069652,0.0037548003802890806,-0.0006218905472635816,0.001980073705563745
299,6ec00ecc3c28546d1fe1bd21f4aa0359aa071da30c8107fbb36eaf8da1039885,465,8,2,0.25,True,1.223707755212672,0.5,0.6666666666666667,1.2546308269083966,0.5,0.6666666666666667,0.0,0.0,0.030923071695724502
300,42b11727c231adc6ab7fb1bb11be61ed141c16e84339b7637253b011ddbb564b,1873,41,4,0.0975609756097561,True,0.3931802563914439,0.11909340659340659,0.43918918918918914,0.440625407346865,0.12448717948717948,0.42567567567567566,0.005393772893772894,-0.013513513513513487,0.04744515095542112
301,9ba204ee95a1f07f0c48fead1b7d1d657ee88682d0b2ef9b3d5d17ba9115699d,670,31,18,0.5806451612903226,True,0.604691683284698,0.8116029567334508,0.7243589743589743,0.595391831931568,0.824614939304257,0.7457264957264957,0.013011982570806158,0.021367521367521403,-0.00929985135313005
302,6c6ed94c3749004085f88a1d007ba60d922e622495b4eacabf0ad0ed06a1cfb8,501,1,0,0.0,False,0.006725945509970188,,,0.004372606053948402,,,,,-0.0023533394560217857
303,37f28aee80140f8a8f6452fb14fa21d87df39804cfac594414e9abeb4f2756b8,445,1734,1369,0.7895040369088812,True,0.4357678978224559,0.9121911175251392,0.7679317970321302,0.4306560690789199,0.916960239070425,0.7758607922991485,0.004769121545285859,0.00792899526701829,-0.0051118287435359955
304,db874159a334ddcf8fd4960df97ce77b05613f0070efcf387678a8da7b48e107,906,72,19,0.2638888888888889,True,0.501870390234722,0.6606846669419204,0.8560079443892751,0.5062913936045434,0.6075127476669089,0.8351539225422046,-0.053171919275011525,-0.020854021847070525,0.00442100336982143
305,68e347a832e38e33878fddf5e51b32dce32b2d1b36c7f25772e198b40ee0f27f,355,5,5,1.0,False,1.0386277437210083,,,1.2456959009170532,,,,,0.20706815719604488
306,66a19d6e61e3700e188de5520cbf39e9360def63f4ffc08c8610339c4891ed9f,745,572,72,0.1258741258741259,True,0.42289797016964403,0.31978985980107394,0.8103194444444445,0.4263102345726397,0.337887279265225,0.8032638888888889,0.018097419464151054,-0.007055555555555593,0.0034122644029956906
307,c449769cb7617413952972a36312cd54cd78bb91731aaedb08a978fb7b8e6912,288,148,1,0.006756756756756757,True,0.04304775678158605,0.03571428571428571,0.8163265306122449,0.0403586556959773,0.0625,0.8979591836734694,0.026785714285714288,0.08163265306122447,-0.0026891010856087555
308,6e6fe44af209f15f3e60dfa4d002c51978a865c286b4f14fe37443c9d567548b,405,527,31,0.058823529411764705,True,0.29854955665526794,0.13423902575702432,0.7452198231009365,0.2917454727057685,0.14583764266797639,0.7367000520291362,0.01159861691095207,-0.008519771071800242,-0.00680408394949944
309,866ef2f16992071f0f959ecaa62412b78e329a81a57684bc8c4fac0b973fb4a2,916,3,1,0.3333333333333333,True,0.47089314212401706,1.0,1.0,0.5045927489797274,1.0,1.0,0.0,0.0,0.03369960685571033
310,4ac38f8cf8873b5aa0621e41b6a781f86ed929e479502372b2f75f92f17d522c,367,83,50,0.6024096385542169,True,0.6497966998133314,0.7959686619131213,0.7321212121212122,0.6689418920551438,0.8210847136582067,0.7487878787878787,0.025116051745085355,0.016666666666666496,0.019145192241812325
311,0b1bbbe818c94544e6abd0af724777515eba8c5b83986d308bfe7571cf3cb484,421,11,0,0.0,False,1.8709548169916326,,,1.848707220771096,,,,,-0.022247596220536625
312,294f248b366a8a06a5a6b22f524b6fe79ed10feb01d6cb784aff911bfb4210b8,427,66,6,0.09090909090909091,True,0.20045192864596506,0.7096964338343648,0.9083333333333333,0.2260807955277745,0.38787674313990106,0.8722222222222222,-0.3218196906944637,-0.036111111111111094,0.02562886688180943
313,da52cb57effc9ba63e34676f4b68162d302e03a4d5d7e200aa83288af6496991,709,744,416,0.5591397849462365,True,0.5093313414733031,0.8658037864004989,0.8435704444183865,0.507791000344823,0.8660135741648756,0.8467108348968105,0.00020978776437663438,0.003140390478424071,-0.001540341128480005
314,c67979b7494ba08d2c5f4dcd56150c789f6c28d6f2eb7512b14abdf12e449f05,468,114,42,0.3684210526315789,True,0.8134229096273581,0.3880562354132055,0.501818783068783,0.7450115480705312,0.39000400098446975,0.529265873015873,0.0019477655712642483,0.027447089947089998,-0.06841136155682692
315,5af0f07670db495efd371561ac7112a5484bc35e51999ae06d0b5833526c326a,1025,276,236,0.855072463768116,True,1.9030878927989523,0.9183567800369231,0.6740466101694915,2.1678852343075974,0.912851246900702,0.6526483050847457,-0.005505533136221152,-0.021398305084745828,0.2647973415086451
316,1c49cdd62c3c0ec1c3a48851cd795c59763901e5bae1d3255c478092e34eb7df,1050,159,21,0.1320754716981132,True,0.3489152166194404,0.4785593338962576,0.8605935127674258,0.4101290261637329,0.4039043080058024,0.8198757763975155,-0.0746550258904552,-0.04071773636991027,0.06121380954429251
317,291b7a3484196f9fb53407d98d2403f88916cea3102fec694378e5771bd7eb98,747,2,0,0.0,False,0.33588287234306335,,,0.30167871713638306,,,,,-0.0342041552066803
318,e65f9f8ec353ce4b318501dbf97aaa1666dc985e6926335f766cdba10ff89e68,745,2,0,0.0,False,0.48024728894233704,,,0.47499482333660126,,,,,-0.005252465605735779
319,b7ba446e68cc669dfda547fe41f644fe6a27f3da7f8746c491f91afdc19a85c8,1621,2,0,0.0,False,0.2632024362683296,,,0.23979393392801285,,,,,-0.023408502340316772
320,3319ebe8981ba5d20f63432ea4e6f9d4eefd010a56f878dc3e9be2fb4a61374a,513,128,0,0.0,False,0.11280515777616529,,,0.10580464961822145,,,,,-0.007000508157943841
321,acf19971c345fda4b5785444e4787f868c12223b46e2188d631fb8ac6a7e2be3,1242,101,21,0.2079207920792079,True,0.6895757789128819,0.2954199690614009,0.6622023809523809,0.6701710084476278,0.27470811205395557,0.6419642857142857,-0.020711857007445322,-0.020238095238095277,-0.01940477046525413
322,927acc1a37ca13d792fa8f0e2839f75f31216d8c6962215f472e74f5949ebd15,227,29,11,0.3793103448275862,True,0.7302192261860031,0.7877557083439436,0.8636363636363638,0.738466615868925,0.788983238983239,0.8636363636363638,0.001227530639295371,0.0,0.008247389682921935
323,8469c087895c2338f58c9dd353232f6c58d5c38f9d500fab1fdf0684bf6d3b94,440,11,0,0.0,False,0.00022339026145345997,,,0.00021996355677732606,,,,,-3.4267046761339093e-06
324,339ff169ff5f157feaf05e6a6f14f42383861568a84fd430d818d6c42fb3a800,372,202,143,0.7079207920792079,True,0.45102749045680063,0.9051993129033439,0.825471139030461,0.4548975222439754,0.9075219397023527,0.8270119710797676,0.0023226267990088534,0.0015408320493066618,0.003870031787174766
325,5f4a93c46d1034db8b8a2733c2a453ea5db83829519e0e4c2d59ca4e11160026,1106,27,0,0.0,False,0.03071353063677196,,,0.023944510846545367,,,,,-0.006769019790226594
326,2486ece348f47fa4f98430b813a933876de6804ddd8a38188750c30570ab0053,391,1,0,0.0,False,0.062384266406297684,,,0.05838076397776604,,,,,-0.004003502428531647
327,16f688c624781b43ae096b2f66a26dbe58dd03fa86d3472b56fa3331edf4ce49,338,13,0,0.0,False,0.00451297230588702,,,0.00647390235770637,,,,,0.0019609300518193496
328,0153dbebb226a1e5b5f70a1ca9add9fc132e086045e02ee6797b928c3f08547d,465,500,138,0.276,True,0.4989092766328249,0.6477084144860755,0.7734706541756746,0.5016727596409619,0.6463420823143613,0.775342301225078,-0.001366332171714224,0.0018716470494033466,0.002763483008137002
329,78a1905a263b60ced8e56c80795deda6d804c0c018216dcf6602536f7cd70d81,1235,4,0,0.0,False,0.009235288831405342,,,0.006631399446632713,,,,,-0.0026038893847726285
330,9dbe2ab88ae421fbfa92185afb5cd0bf83cca0d0759141e465705ce2351fd44f,405,13,0,0.0,False,0.00427987936955805,,,0.007053009055268306,,,,,0.002773129685710256
331,207a41d955f5a2ce668c341da3bab9bbc856212b56aec3a45803c7a070cbeb29,604,31,4,0.12903225806451613,True,0.6583781776867146,0.18116623079437724,0.537037037037037,0.6602686013793573,0.1575091575091575,0.47222222222222227,-0.023657073285219737,-0.06481481481481471,0.0018904236926426954
332,a7b5fd3e229501dc9b80921a197d5d2f496a4461aaea8bc5ca1d376bacb34521,510,24,7,0.2916666666666667,True,0.7041223615718385,0.4313725490196078,0.5210084033613445,0.722634049753348,0.35463659147869675,0.4957983193277311,-0.07673595754091106,-0.025210084033613356,0.0185116881815095
333,f86447d531f3ef94be1c7e37503666b74b8cceac22f7ac393491b21d9bb6013b,402,77,51,0.6623376623376623,True,0.6702389305143001,0.8637308737802387,0.7432126696832579,0.6667817807574938,0.8612067294219431,0.7409502262443439,-0.0025241443582956213,-0.002262443438914019,-0.0034571497568062215
334,90c300eb851cd27d41a54fd16db7918f872e99d2b966cdfc1d67afa544c3a406,244,1,0,0.0,False,1.4988421201705933,,,1.3192565441131592,,,,,-0.17958557605743408
335,9d14cf9567d4fbb69647a3dc30797332efeb2760a9d8e43ec9507c19dc097803,514,31,12,0.3870967741935484,True,0.5218187850569526,0.701925505050505,0.8421052631578947,0.5190287859689805,0.7288045900178254,0.855263157894737,0.026879084967320388,0.013157894736842257,-0.0027899990879720615
336,e1eedeec61fc1d20dd06b4f7f719d45d55c95a09ce2b06e84ebe5a3c55053614,885,182,82,0.45054945054945056,True,0.6077435301657725,0.7471484143527543,0.7972560975609756,0.5722667705574698,0.7543247164490732,0.7947560975609755,0.007176302096318921,-0.0025000000000000577,-0.035476759608302766
337,346cb787e598f5e4716e72b52876c6d754b1a6dab9ed0f94e7677f3b5738d813,543,300,140,0.4666666666666667,True,0.37522931876844573,0.9305015928022109,0.9568526785714286,0.3838494868365039,0.929452226564419,0.9534598214285714,-0.0010493662377919488,-0.0033928571428571974,0.008620168068058154
338,e34bfb3e423d6a99c5ea7931b66ee81d9ff8f7211f23bdb7b649537fa3504cfb,512,6,0,0.0,False,0.5305907850464185,,,0.65898514042298,,,,,0.1283943553765614
339,208605b98a84bb5c3921bc304608f526b3b7060114944331beabe1dccc1a8a71,552,54,39,0.7222222222222222,True,1.9638046653406624,0.7290053503755671,0.5846153846153846,2.085163388616854,0.7262543950470596,0.5726495726495726,-0.002750955328507554,-0.011965811965812034,0.12135872327619146
340,57f8013fce15aa580c1c618f1fb4f45d76af5361d9190eb56bbbebf5997999d1,354,32,0,0.0,False,0.04998923310631653,,,0.0395670120478826,,,,,-0.010422221058433934
341,91795b3bb5e6fb9ef458910d8cb7d2a45945892ebdf30ce3ca584ce685276aaa,354,8,0,0.0,False,0.10411524726077914,,,0.056314697256311774,,,,,-0.04780055000446737
342,e0640cb9c3678ef30de61e91215d04207aa28c8e0d9f79d6308016eb3ada00d4,355,2,0,0.0,False,0.35952387750148773,,,0.3150285631418228,,,,,-0.04449531435966492
343,11b147b5832ff0773d3782c44087d4554accc93aa644d56c8f547d994d5cec2a,509,86,19,0.22093023255813954,True,0.6035580008756369,0.4918394568138919,0.6991358994501178,0.5959014969358091,0.514459895054522,0.7124901806755695,0.022620438240630147,0.01335428122545168,-0.007656503939827863
344,5efdf21b7d5e63df2c4a429c3abff43d1cf97438f95b7b49651ab5d28b12dcd1,537,1,1,1.0,False,2.227163553237915,,,1.8130102157592773,,,,,-0.4141533374786377
345,025f53bb7b61d7ff93a932e7af3847f13013f8f3a49ab3b2b7f983b2b2c72aee,1332,109,22,0.2018348623853211,True,0.5371738050713798,0.5652327165043607,0.8056426332288401,0.5092306140907509,0.5665286486415472,0.8077324973876698,0.001295932137186484,0.002089864158829724,-0.027943190980628918
346,b1ef7a97d7b085d251efe6947f583401b7b7bc582196a83ca642c7b2ee2a0086,1295,2,1,0.5,True,1.9025969775975682,1.0,1.0,1.7267195909516886,1.0,1.0,0.0,0.0,-0.1758773866458796
347,3a907161380a3873709de6342dec9a9f21704b79ca62369479ec8a3fc313a2d8,816,726,92,0.12672176308539945,True,0.4003695690628852,0.2858333171205406,0.7023299273076395,0.3967311116012093,0.31164113159894885,0.7185314085859278,0.025807814478408242,0.016201481278288243,-0.0036384574616759036
348,d03d5cb6bddeac53a8fe671655c2bf38d796070b71a9d78648533341d59ae75f,420,8,0,0.0,False,0.04730174201540649,,,0.04769679857417941,,,,,0.00039505655877292156
349,59595cc34756b164aa363b28e4232840bd5187d7902ba5ff3845ae6251f58891,1237,635,21,0.03307086614173228,True,0.13232704769621978,0.17909362236346404,0.7805180704203505,0.1317083947532847,0.1910863066044868,0.783077400341244,0.01199268424102276,0.0025593299208934717,-0.0006186529429350884
350,9b5cff450007ba031e75df328c64a0199c6b266951443526f1acca37b00120c6,444,1845,1087,0.589159891598916,True,1.892006181872533,0.5901243287149276,0.4806425421083421,1.720790292908435,0.6103502087157742,0.49489954438761763,0.020225880000846574,0.01425700227927551,-0.171215888964098
351,d606ec68b032c7d9de2b6d7a8c68d6c696b43f51e8f915f992e129af271f0bcd,415,213,161,0.755868544600939,True,2.465868842551931,0.7748494123702137,0.4919374104156713,2.4212790497255123,0.7655923828523765,0.46745102723363596,-0.009257029517837134,-0.02448638318203533,-0.044589792826418506
352,2308567df4dde1e639accce652b1cbc9aa98ae4abb78d96d6d3eb7c794d28e00,1766,2,0,0.0,False,0.3509751856327057,,,0.34211646020412445,,,,,-0.008858725428581238
353,599ea613fbec6414b5af3e5cf48a51432b8ded0556441445bea5c3716f7d076a,440,1,0,0.0,False,0.3722107410430908,,,0.36251646280288696,,,,,-0.009694278240203857
354,2d77182870f2f2b18b7107fc2bed51a8e153aa4960a27ca4d50aea40685a4aa8,336,3,3,1.0,False,2.9318788846333823,,,3.4622888565063477,,,,,0.5304099718729653
355,1fe6d6c3964a26f124a2bafda299cc2a0a1fccd9da4ebe27a3c7ffcc27b5fb95,380,1603,881,0.5495945102932003,True,1.9297604713146241,0.6418329020179541,0.6213365572363312,1.803300079251127,0.6953539199490076,0.6659188595181124,0.05352101793105357,0.04458230228178117,-0.12646039206349724
356,91aac082a97ab2bdde1113ed3ad4f8e024a11c43d95ee98f0babd4782e5636c1,823,2,2,1.0,False,1.1685225665569305,,,0.8106878250837326,,,,,-0.35783474147319794
357,c1e158a2c5d702b1933917fe00b9bda7058f3dc5fad8c8ae48780667da5a5ca2,916,30,7,0.23333333333333334,True,0.6910168803607424,0.19447039003689248,0.32919254658385094,0.7846410528446237,0.20567292691881658,0.3602484472049689,0.011202536881924102,0.03105590062111796,0.09362417248388133
358,eccf82593d45b730c8fe1b52e9a91793cc7faa0ccd361e00b9ee5e1041a24a60,1034,386,38,0.09844559585492228,True,0.3963832716642121,0.12646430876556702,0.5713853599516031,0.4144553490543444,0.14957005234694787,0.5893451300665457,0.023105743581380844,0.01795977011494254,0.01807207739013228
359,e733f496216b2be71a0added20dddd88ed7cd417b3213fd313eb8c40600e2d29,1035,277,24,0.08664259927797834,True,0.3533789863766235,0.1388224110542101,0.559370882740448,0.38538692671375263,0.12507189025194576,0.5287384716732543,-0.013750520802264327,-0.03063241106719372,0.032007940337129115
360,665631247a60f67442cdeb06062c767eda520eaca2f8369894710e5720d86093,215,19,3,0.15789473684210525,True,0.7451811565735721,0.6081871345029239,0.6458333333333333,0.7434913900521535,0.6081871345029239,0.6458333333333333,0.0,0.0,-0.001689766521418612
361,401f7bfbebd94a95e71b1975d55dff5f3f491b9f046a31fa6e4f0136cb8fb335,1220,2,0,0.0,False,0.4082377552986145,,,0.41562460362911224,,,,,0.007386848330497742
362,4e98425514044ed0d22d898d328c1839cb6ad112e890dc67fa2097a64c4ead34,417,26,19,0.7307692307692307,True,1.2150835111164129,0.7700898478253049,0.5939849624060151,1.2224398063352475,0.7959249337919698,0.6390977443609023,0.02583508596666495,0.045112781954887216,0.00735629521883463
363,1a916537b7b555892eb6262b941745a4bee0eec5d0d65b73609e69a3a5ace44f,750,1129,828,0.733392382639504,True,0.46436027429694354,0.9142152479535613,0.8200001604956105,0.46480556366597264,0.9132808979446078,0.8177171104370295,-0.0009343500089535883,-0.002283050058580982,0.00044528936902910043
364,01c0d53eee55f396ad88469dbc13bfab92eef5c636c230bdeb1904f457b550e7,186,10,0,0.0,False,0.04960151452105492,,,0.047267552162520585,,,,,-0.002333962358534336
365,2b56a943547cca0303205acbb2c59802ee0fb8b5abe1839e7e394846735c7c86,260,1,0,0.0,False,0.34357750415802,,,0.2731398940086365,,,,,-0.07043761014938354
366,1c214a60e47843ae5ba3f88ccd7c2379877aa27afcc0e406cf6a1f55eea6a1a0,314,1,0,0.0,False,0.33911243081092834,,,0.3847760558128357,,,,,0.04566362500190735
367,f5083822f0bf274d5be24a0895e5c9b07b1910f6978d196c93b0b73b002759fc,374,16,0,0.0,False,0.1779833936598152,,,0.1541899088770151,,,,,-0.02379348478280008
368,81a3cf97387028e365e690f2d6b36c3e351780d2ae2e0907240384e371e16642,180,1,1,1.0,False,1.2545039653778076,,,1.1792960166931152,,,,,-0.07520794868469238
369,1f7437c80e556649737e2e4c8c978891be4f136b327aefd39da0f11afca22149,370,1165,242,0.20772532188841203,True,0.7224372706292077,0.223696409270356,0.4899335619566093,0.7321116173903701,0.21673541605461716,0.497750329056347,-0.006960993215738842,0.007816767099737665,0.009674346761162411
370,4ff90781320201d9c58abf9cae0fb8d34798dec030a980480f80222df3bbe37f,854,10,1,0.1,True,0.505628580506891,0.125,0.2222222222222222,0.6487846566364169,0.1,0.0,-0.024999999999999994,-0.2222222222222222,0.14315607612952597
371,544ca2b53a466c38c91421aead19c9201f6efb68c264ae79ee74b250c8598dd0,1205,15,0,0.0,False,0.0032879644500402113,,,0.0018064705645277476,,,,,-0.0014814938855124637
372,1e2044dedb7eddda46a110d143ae6e1141cd38526559d6086ec8ff7c339855c8,870,6,0,0.0,False,6.786333536486684e-05,,,7.569253481657749e-05,,,,,7.82919945171065e-06
373,da604a244ddfc81d8a71c3c5879840cd756b74885bb4647d6aac3dd28d7a72d4,351,4,1,0.25,True,0.20387521758675575,1.0,1.0,0.14982417656574398,1.0,1.0,0.0,0.0,-0.05405104102101177
374,4ca97eb4c16e0376f909ac903496554b35f226cffbabe36819cc1f3d633b9eae,1051,7,2,0.2857142857142857,True,0.6788669228553772,0.22619047619047616,0.0,0.6593081780842373,0.24285714285714285,0.09999999999999998,0.01666666666666669,0.09999999999999998,-0.019558744771139946
375,fd2f28895ec61fe5023737f8a3232de553c0983dd5851087a1d17bc7fee202e1,355,2,0,0.0,False,0.049493614584207535,,,0.044042568653821945,,,,,-0.00545104593038559
376,007e056ab2fb32290440f032ab3cd1409e93753afcb55ddde1424a942ca74ad3,381,11,7,0.6363636363636364,True,0.6661401783878153,0.6568027210884353,0.5357142857142857,0.6461474990302866,0.6853741496598639,0.5714285714285714,0.02857142857142858,0.0357142857142857,-0.019992679357528687
377,51f9eb6c4b9dd389d7ae223bda01114f259fec95cc01c8fcd254c28af71035ee,709,18,0,0.0,False,0.19745585612124866,,,0.21357643438710106,,,,,0.016120578265852392
378,c14dc8f446426fbdead9d755d8114f9b49c27242fdbec244487cf37f2dababdb,709,24,0,0.0,False,0.1445177875769635,,,0.15301405653978387,,,,,0.008496268962820352
379,ff29e54889434b99a973dfa4cf8631b9f46c18759527d7efbac1cef11a5d4c2a,941,3003,1623,0.5404595404595405,True,2.07018935806004,0.588632209374805,0.5043221534642414,2.1573883048047056,0.5845361298500383,0.5102933822675846,-0.004096079524766649,0.00597122880334322,0.08719894674466566
380,30339178442b3e1f4142551c16630fa3f97f50a1c50106188986eca223cd0c4e,415,119,9,0.07563025210084033,True,0.2543907949833998,0.5353886173623016,0.8626262626262626,0.27347624041296603,0.5308520065553314,0.8565656565656565,-0.004536610806970209,-0.0060606060606061,0.01908544542956625
381,a4b50b114f35f51389944b7a79d389d2bf36937f41c952f5848273584d44fa10,812,2,1,0.5,True,0.813654750585556,0.5,0.0,0.8919849693775177,0.5,0.0,0.0,0.0,0.07833021879196167
382,07fd7b965289c8b5c235c3c86e520e1b9cece8e77b451bb6db35b55e4f155ea1,415,638,500,0.7836990595611285,True,2.1670017055583224,0.8410847708402662,0.6204420289855073,1.9856248571133084,0.8391961951504844,0.6240072463768116,-0.0018885756897818462,0.0035652173913043317,-0.181376848445014
383,77a2f43132d606ab895b721903acb628499a5b40c9f0a66e31844c6397cbd206,700,53,42,0.7924528301886793,True,0.5150314084482643,0.9427793652958999,0.7867965367965368,0.539864257259189,0.9342358916696848,0.7564935064935064,-0.008543473626215103,-0.030303030303030387,0.024832848810924624
384,a7bea47df59b8e1a19037d4db6f4f6247891a12e1b9118a1e852500353951880,1297,1,1,1.0,False,1.0025477409362793,,,1.1184613704681396,,,,,0.11591362953186035
385,07170c1e653af5fa873a214f86c9039661528afd680a1042709556599afd3f9b,152,1,0,0.0,False,0.07724916934967041,,,0.0754539966583252,,,,,-0.0017951726913452148
386,5ed259628c6162100ba1eb03cee949ec69e87cb1511c1de4c87cba2a7b49cb8e,450,950,363,0.3821052631578947,True,0.5873916713709599,0.6238305123215175,0.7446440555469516,0.5647702914015635,0.6448120109122196,0.7618088895772032,0.020981498590702086,0.017164834030251597,-0.022621379969396394
387,fb4683583cd98e4f6ca70c0e233f64bbea4f3eae0868a1268b47534598d574fc,195,1,0,0.0,False,0.2299722284078598,,,0.2269042581319809,,,,,-0.0030679702758789062
388,07bbd9de0b44d7515a636be79ac21f915a2ea2d03d7fb122518ffbf5bd1ec40d,349,30,5,0.16666666666666666,True,0.2351275639453282,0.8509090909090908,0.944,0.24067727650981396,0.8433333333333333,0.9359999999999999,-0.007575757575757569,-0.008000000000000007,0.005549712564485776
389,a602d6a1ae16fe547a41dd26ae5d2ae9d775814b79cedd426366e4d54d43a40c,533,187,54,0.2887700534759358,True,0.5094772110584834,0.5224666442446956,0.7842522974101922,0.5097432040614399,0.5128551054585548,0.7877332219437483,-0.009611538786140739,0.0034809245335560846,0.0002659930029564883
390,c7ca641493265c7a44a74c40d18682a892d5055fbbfd4ba70e60f96b378a77ed,667,97,36,0.3711340206185567,True,0.7238448039081293,0.37489651872630225,0.4348816029143898,0.7378531281941945,0.3226859720569986,0.3554189435336976,-0.05221054666930364,-0.07946265938069225,0.014008324286065132
391,48f579d5fcafcc7513a4bb41f8c780336ad8c4e846e7d296ad17d583ccd797e4,502,1,0,0.0,False,0.29208627343177795,,,0.28963711857795715,,,,,-0.0024491548538208008
392,f44603a569f2317610a056a83dade5535061da3539f002380631c43fb9eb885e,161,16,9,0.5625,True,1.9676948619598988,0.5746679246679247,0.4444444444444445,2.010954242403386,0.5489596822930156,0.4761904761904762,-0.025708242374909096,0.031746031746031744,0.043259380443487316
393,6abadff2c20a54d6a135a8cbfc7343bcf56bd44c925b1590dbd0c1e427c40d05,307,1722,279,0.16202090592334495,True,0.4058413665555634,0.3951265002452966,0.7165080713467811,0.3989255004524579,0.40802110301896,0.7250314830959992,0.012894602773663388,0.008523411749218113,-0.006915866103105517
394,f1fd56b9d9d1de70447acd2c916708303cb2e682c78ef223a881e37ac992c567,341,1,0,0.0,False,1.0439798831939697,,,1.198130488395691,,,,,0.1541506052017212
395,3143e9d991c106a94b1936e4d26d2d865057646de0ddc4540740c69e718b45df,188,1,0,0.0,False,0.43431979417800903,,,0.41768547892570496,,,,,-0.016634315252304077
396,1a91ab23afa3aaddededca49a9a2f3b0b8253e9f1cc6afc7d6690a4adb8e1def,308,2,0,0.0,False,0.0771267730742693,,,0.05332476273179054,,,,,-0.023802010342478752
397,f6a2b76486771eb5356819d43cbacd6f4f814b1f430c470e436c0664325c6aa3,676,178,95,0.5337078651685393,True,0.6862469136929453,0.7693857404259641,0.7961953075459733,0.6201503661597211,0.7537588967578345,0.7777425491439441,-0.01562684366812961,-0.0184527584020292,-0.06609654753322425
398,d778b3e85c7ad069c4b3a4ab7075276c3f5ea167d8790950cb0912e907f2cdde,160,34,0,0.0,False,0.05201329677091802,,,0.0449973851277986,,,,,-0.0070159116431194185
399,84bd47246bffbc72fa046043ad4c2ffb50145738786d8974f5bf3ef3dca275bb,663,35,7,0.2,True,0.8944682428613305,0.14418629574297936,0.20918367346938774,0.8922005769264485,0.14346644079197157,0.20408163265306126,-0.0007198549510077923,-0.005102040816326481,-0.002267665934882035
400,11c727dec3b99dd071e482ec7b9f24e6cd1a296bbad0a5497cee78de21388e70,169,1,0,0.0,False,0.31214889883995056,,,0.35709357261657715,,,,,0.04494467377662659
401,3c032d1e422af3ae6503980c14690b72ceef3c20da1b891cc96baea7fc098c11,456,14,10,0.7142857142857143,True,1.0245082351778234,0.8987698412698412,0.8,0.966534213828189,0.9263455988455987,0.85,0.027575757575757587,0.04999999999999993,-0.057974021349634364
402,dbd82d02d7916602a7d14fb2d0202917b489aaff347393d7bc526bb025176d83,1970,4,0,0.0,False,0.0019333072705194354,,,0.003186703776009381,,,,,0.0012533965054899454
403,d984538e61f0ac96150c16f0b410aa1a4f6d5c88905a5835ef30abdde6c822de,490,263,11,0.04182509505703422,True,0.6394356065199572,0.23682534913320472,0.8028499278499278,0.609153243104003,0.2667096577313296,0.8165584415584416,0.02988430859812488,0.013708513708513781,-0.03028236341595425
404,df8418b7b45b4f585c8d5a23babaa63fabc1fd71f55f3564023faf8371dfbf59,198,9,0,0.0,False,0.015995620167814195,,,0.013395303511060774,,,,,-0.002600316656753421
405,f6ff17ef6d10cfb351b634c3204f84594b71891790a25de6e9a5e9cb39effa04,365,47,16,0.3404255319148936,True,0.4364694093770169,0.8214367595124175,0.7883064516129034,0.4466046158303606,0.8188025607433502,0.7741935483870968,-0.002634198769067231,-0.014112903225806606,0.010135206453343704
406,b648c9c2ef0ce201f634352f9e170ac8f010ced847afea3413a53297c3d8d3c3,329,41,27,0.6585365853658537,True,0.5600292191999715,0.8909425732779568,0.7486772486772487,0.553977601048423,0.8952211393620784,0.753968253968254,0.004278566084121582,0.005291005291005235,-0.006051618151548532
407,cc8cb56a874c38e263e7148ba7b5af96b9b5e90636e2879289b8d4b50e73677b,494,7,2,0.2857142857142857,True,0.2596965841948986,1.0,1.0,0.256106540028538,1.0,1.0,0.0,0.0,-0.0035900441663606064
408,20d8937a8f2450b612ad8a1c68c7ea02159f8d228ec3804a4e0c0cfc867e8563,1427,4,0,0.0,False,0.54494822723791,,,0.5217980945017189,,,,,-0.023150132736191154
409,db5e44627aab2c073fc65040dc4139c336ba04e5db1739e7996335cf86955809,1025,2,1,0.5,True,0.7453406155109406,0.5,0.0,0.7593296021223068,0.5,0.0,0.0,0.0,0.013988986611366272
410,305cedeb50c8551ddb7800367566547558ccb64992ba88496ef982bdee686a82,763,508,39,0.07677165354330709,True,0.2919425849461796,0.22585764429876085,0.7062489749056914,0.2870575595024,0.24124578663410795,0.7232518725056039,0.015388142335347105,0.01700289759991247,-0.0048850254437796115
411,ca8783b8053e1373c8358af24d59933449f4a63bbae1a5f44f9b3c81490c6c7f,763,5124,3127,0.6102654176424668,True,0.6540817374588613,0.84513199725018,0.8104567308269729,0.6369153944214049,0.8572505776923751,0.820975947451718,0.01211858044219516,0.010519216624745087,-0.017166343037456455
412,47cb40d8a45a8aba5f5d7131c79eef610d7ef172457398e9ea4354bfa3be46d9,1057,6,6,1.0,False,0.6625393132368723,,,0.6044253259897232,,,,,-0.05811398724714911
413,3e7f0c0b646992e77ca452112df8a1282f5e2abbdcb50423154c1dd55e3b7800,337,39,29,0.7435897435897436,True,2.301779762005959,0.6282561217988591,0.27241379310344827,2.3080584558729944,0.6362179289868021,0.3,0.007961807187942926,0.027586206896551724,0.00627869386703539
414,7e0859f7c95f1e004388f59068b7e5777a9c4cc18b71598b20600e0ab099700e,408,19,0,0.0,False,0.19779819003796498,,,0.1989909703414397,,,,,0.001192780303474722
415,28ea52e4a2c9c8a43fc8f2ae203a75cf1c7e0bc0aec5158bcfa6c333d613342d,372,86,0,0.0,False,0.011169457863637268,,,0.01180483597712483,,,,,0.000635378113487562
416,9a14ddc70ce31f67acdf0e51220c508129870bdb4be9db6682a390fb1d287463,321,71,12,0.16901408450704225,True,0.4874605892527796,0.4145858012878926,0.6603107344632768,0.4223251575866426,0.40727706869621155,0.699858757062147,-0.007308732591681022,0.039548022598870136,-0.065135431666137
417,1535b046624e0630b4a4572fecf93a0a6eb5a85dac59a302d87b5b8a81c41703,418,1,0,0.0,False,0.5849586129188538,,,0.5151481032371521,,,,,-0.06981050968170166
418,431a8b27c74f8cf1871068914355ce7c8799d8244fd157c33cec311d3343d5cb,269,175,27,0.15428571428571428,True,0.3476041284948587,0.59586470263152,0.7612612612612614,0.32832045329202497,0.6125543484834947,0.8083083083083084,0.016689645851974633,0.047047047047046986,-0.01928367520283375
419,f6285dcf9e604d407b89f6052e0f99bcf6c680ad31feb09bcfb1ce21c6c11504,1487,1,1,1.0,False,2.5285708904266357,,,2.488452911376953,,,,,-0.04011797904968262
420,2c1190ec51f00f7520e469f47b78b3e0ae507bf9704ef20ecb5e9f03cccef2b5,708,1,0,0.0,False,0.06633864343166351,,,0.0722750797867775,,,,,0.005936436355113983
421,f9aeea4d0607eef97886edc03095148c5879a6ce3584b590d2a0a83f645f77c0,534,5,1,0.2,True,0.28486440386623146,1.0,1.0,0.2905056757852435,1.0,1.0,0.0,0.0,0.005641271919012036
422,d8d9a09c8537a7676740bd7d6b18a14177e983ab4baf3d811f4fbd174960388b,565,17,5,0.29411764705882354,True,0.4391502048683298,0.6416666666666666,0.8666666666666667,0.36873304734335227,0.6595238095238095,0.8833333333333334,0.017857142857142905,0.01666666666666672,-0.07041715752497751
423,331ef3a8f9f7beef37dd0879a4097e8b035aa9ec4bf661263d6c126ad5ae8791,1389,67,67,1.0,False,1.1347734745758682,,,1.1680379051770737,,,,,0.03326443060120554
424,6c32794c67d953ecddbde21ceed2b8c1ebd5a22dccab3d44bbc0297dfcb78172,1390,67,67,1.0,False,1.1111490288332326,,,1.1576247201926673,,,,,0.046475691359434634
425,06d6a91e11ef0fdcbf3f255aed3aba534079100e8e99b44c81003f4e67042ba7,1390,67,67,1.0,False,1.1099663490234917,,,1.1554734818081358,,,,,0.04550713278464413
426,b68df5ae47b38eabcddf7c81c3957e3865d52c8b17306648fd1e02cff6045cad,1390,66,66,1.0,False,1.1155834423773217,,,1.1619002123673756,,,,,0.04631676999005396
427,cc24e8701a5717fd1fa418174adb3b6cbaeae8a76f78b33a995f44c5bb394056,1390,6051,3197,0.528342422740043,True,0.9218023838529745,0.6194073487651466,0.615195482625508,0.9276301515232459,0.6171611034400704,0.6203313087624412,-0.0022462453250762238,0.005135826136933197,0.005827767670271378
428,5a12d8d7e3f844981f69e6c3924294b5680652cd3e51175758b6bdde43e2b7b2,1390,67,67,1.0,False,1.1094490154020822,,,1.154134254847,,,,,0.04468523944491776
429,0a1654e54cb68f56c75248ee4d560206d9d6114cabc958d671fbe9c9e6bdfeae,1390,67,67,1.0,False,1.1055139774706826,,,1.15053520585174,,,,,0.04502122838105738
430,5fe0683c8b2b42fd7e821021e5d082836ef53bd5f139a218a65a4f0f88b26dc3,1390,67,67,1.0,False,1.1064619115039485,,,1.151320906272575,,,,,0.04485899476862665
431,a5875cc5de6f4d0addc268aa4d6afdca7e0ead871232cb42c355b8ca730bc729,1390,64,64,1.0,False,1.0904054569546133,,,1.1296724267303944,,,,,0.039266969775781035
432,57d72e6fb69011494f286a9d2132d7b22abdf04f86242bd70b2adb633f381762,1408,13,10,0.7692307692307693,True,1.3842701063706324,0.9121503496503496,0.6666666666666666,1.4885919449421077,0.856129426129426,0.5333333333333334,-0.05602092352092358,-0.1333333333333332,0.10432183857147526
433,86552e0755fff75b984b55144d2ec1ea1330c48b6b293fd5c35ae8ac2e1ef278,150,152,76,0.5,True,0.9531862019365164,0.4252593680125889,0.40365304709141275,0.982116838960026,0.42144045707336225,0.39698753462603875,-0.0038189109392266496,-0.006665512465374002,0.02893063702350962
434,b3d1d84477d13dc024e185c19bc5aed43d83ef03db9653b13bbb7591b80bd1ab,439,1,0,0.0,False,0.5137187838554382,,,0.48317593336105347,,,,,-0.030542850494384766
435,eaabdf52a641449f519129252704692c47b57971c0995f24becc4295f29c6caf,1178,1,0,0.0,False,0.1885174661874771,,,0.20824049413204193,,,,,0.01972302794456482
436,78491c97057953687fdb4a3b44907f3169c775c4b7a628d26e8d86fd33027394,145,2,1,0.5,True,0.6763124167919159,1.0,1.0,0.6330973356962204,1.0,1.0,0.0,0.0,-0.043215081095695496
437,98ed5e5f7c4fc9e0acd126b62a1fac341002445bb7a1a258151475199216e0ec,853,69,0,0.0,False,0.02251880276805647,,,0.01757845940986611,,,,,-0.004940343358190359
438,dae962d47d0e506646bd12f506f4001f6d24c32a9e2b8b6c33ef76bb4ab5b078,138,86,3,0.03488372093023256,True,0.12062078214597044,0.28015873015873016,0.8795180722891566,0.1189470065760678,0.5023809523809524,0.8875502008032128,0.2222222222222222,0.008032128514056214,-0.0016737755699026413
439,150f1d16b7b7189b2e40e7da8c1e6dbe4b3798ee1bfc6e3d629ae1266d47f165,908,176,16,0.09090909090909091,True,0.44171169419860234,0.26971853302830856,0.8146484375,0.4473356607731231,0.26619644997225705,0.815625,-0.003522083056051506,0.0009765625,0.0056239665745207446
440,97028aa37bd5ebba0948f550633240f7753abb56de227443df702adfce418914,130,11,6,0.5454545454545454,True,0.1543723299506713,1.0,1.0,0.15238232775167984,1.0,1.0,0.0,0.0,-0.001990002198991453
441,c6da8c6a97ca9e0c4e9875ecdb3d34bfb86385a852e0859f2cd77c61172b1b87,167,26,2,0.07692307692307693,True,0.2877181339382122,0.26785714285714285,0.8333333333333333,0.2925208714396621,0.2159090909090909,0.75,-0.05194805194805194,-0.08333333333333326,0.004802737501449883
442,e02aa7e516b9ed92e60732c1f9a36175881869e9d7188aeec23b497c5f1cf9f6,320,48,42,0.875,True,1.1233377034465473,0.9037708115907154,0.5099206349206349,1.2488406794145703,0.907776851289119,0.501984126984127,0.0040060396984036295,-0.007936507936507908,0.12550297596802307
443,b0c5da6dd89ee2be7da2c68bd1967480a0340f39b4e0484ca3f5c9a81e43182f,365,23,1,0.043478260869565216,True,0.21253362555897026,0.25,0.8636363636363636,0.18642422134745057,0.3333333333333333,0.9090909090909092,0.08333333333333331,0.045454545454545525,-0.026109404211519693
444,4b2b8d012ecdbdae6612a48012dfefb1931d018050ac229cb33eef7513af1d9f,191,1,0,0.0,False,0.14558406174182892,,,0.18542695045471191,,,,,0.039842888712882996
445,801f58f9fcded7a2904581b7b106a2bb70b5e875b21d1d391cd8c69a6bb7dcd2,569,54,3,0.05555555555555555,True,0.3261083412087626,0.05026455026455026,0.1437908496732026,0.32123782240820153,0.05026455026455026,0.1437908496732026,0.0,0.0,-0.004870518800561052
446,3c3ca5fd9462df49abeedd6615618be36b87bb768707a6a04e84546c9b092557,197,1,0,0.0,False,0.003896665759384632,,,0.0031463478226214647,,,,,-0.0007503179367631674
447,00698fa78eecf7510faae2dd5d0900caebf9bb99dcbee76d220f436a8209fa15,197,1,0,0.0,False,0.0033080396242439747,,,0.0027838319074362516,,,,,-0.000524207716807723
448,ed2277a5b7e4e7c44a5a8b9cb05f59452041ffcfcca4654de1a91e4705570cda,839,4381,2211,0.5046792969641635,True,0.6266822331393453,0.6845199098323225,0.7244757569504802,0.6275499846677418,0.6843859938807499,0.7280482797574757,-0.00013391595157252745,0.003572522806995493,0.0008677515283964654
449,f1a1d2467341029b9469be7eac915f450bb7a078f430b78ded3ef618b05ccac1,282,12,0,0.0,False,0.005352103847447627,,,0.004106002573583585,,,,,-0.001246101273864042
450,584c61f46353d34bffa2c3d38ff68db1d48a7d0279b26844b880552ae6415e38,511,97,1,0.010309278350515464,True,0.14363221241372456,1.0,1.0,0.12852158577699868,1.0,1.0,0.0,0.0,-0.015110626636725882
451,d754a3734dc702979e25f1f6dccf5e21516277d5bb1f48b22afe17fda3602ad2,511,99,32,0.32323232323232326,True,1.710707898994889,0.2320104409550773,0.1217350746268657,1.7506629472440862,0.24841309700796618,0.1287313432835821,0.016402656052888875,0.006996268656716403,0.03995504824919727
452,c2a46b9076e49c3419da266058c4927756ece109bdecf8a0e1eb5632cf8e633b,119,1,1,1.0,False,0.8743951320648193,,,0.8773259520530701,,,,,0.0029308199882507324
453,5d55debc086b288698438a24c5deb06ffe1391a0388d8eb307d0904eb690746f,384,993,0,0.0,False,0.003177802662017402,,,0.002366918692505232,,,,,-0.0008108839695121699
454,a0ae91b416a424dd03d9e0c8988bd117a620a06ea62b8f32d187aac998f42d6b,423,14,0,0.0,False,0.013556291241132255,,,0.01356026656659586,,,,,3.975325463605531e-06
455,65de75d0216872cdf89dab2ff8a2f553101fae183ef3144cfc2ff2e1013e096c,308,3,0,0.0,False,0.09998868778347969,,,0.07817888756593068,,,,,-0.02180980021754901
456,540fbb02dbfca8280cd4a2bee6c028cfc8c93d487745565c215e1c615b2f961e,470,4,2,0.5,True,2.1151849768066313,1.0,1.0,2.07485600412474,1.0,1.0,0.0,0.0,-0.04032897268189117
457,3a41a1454d2cb3ccc2697dcf23755155e1e61755fd5b243dc6ee31d4b7730d09,512,5,0,0.0,False,0.0032937024720013142,,,0.002819281560368836,,,,,-0.0004744209116324784
458,c1023dc8e4b518956f15056330ee0ffd7c9099ff6308d1693a9e960f14198164,573,43,41,0.9534883720930233,True,1.008693246647369,0.937803263215015,0.2682926829268293,1.1041433859703154,0.9252195055093061,0.2378048780487805,-0.012583757705708853,-0.03048780487804878,0.09545013932294633
459,acd1c3790427993ba8eea8553653c4d23fb6fe8590d065f65035e0aab0301c0a,331,2953,1449,0.4906874365052489,True,0.6864931630900257,0.7379496079509426,0.708451720188538,0.6907750053673918,0.7502180447643997,0.7203697891429159,0.012268436813457129,0.01191806895437797,0.004281842277366055
460,997ceba7f9b5ea148efb8290f14d5bee0ba28a57a3f9a6970e3b20c5ee0b864e,748,272,0,0.0,False,0.05049264041746723,,,0.04693362844848119,,,,,-0.003559011968986045
461,364a65f974373b6a00d555f7b6fba788e14e676e4cf607f6d5ac77fb43f4ff3b,1273,1,0,0.0,False,0.4804091453552246,,,0.49893373250961304,,,,,0.018524587154388428
462,ec9b5278628707ce42ae68975bf21ba72aa1976480f995f67fae856b6d5c9466,724,3,0,0.0,False,0.04665738592545191,,,0.05195360087479154,,,,,0.005296214949339628
463,7b2e7fa610b6cff2bc119ecb0b4d5be9c0e4bcb7cb8f8f076941118b120a5d2d,960,2,0,0.0,False,0.042564607225358486,,,0.05195202771574259,,,,,0.009387420490384102
464,cf55e2138ddb7f620263f8a308119531438c91a9a3e927b5c103f1cbc927bd72,1373,35,13,0.37142857142857144,True,1.0495229338661634,0.42508514898103,0.6083916083916083,1.0610599986610136,0.43277177063823985,0.6223776223776224,0.007686621657209847,0.013986013986014068,0.011537064794850282
465,11db7a8e1aaedc21553f76131613dfacbd1b19ea519efdc781f937b4bb19abc7,473,7,5,0.7142857142857143,True,0.30960279224174364,1.0,1.0,0.30472128625426975,1.0,1.0,0.0,0.0,-0.004881505987473889
466,650f90f781d9587cf7e61bc4dea41923a4ad0637252769e342ad329c0221f9ff,144,539,115,0.21335807050092764,True,0.5564166184386844,0.5624670664703686,0.8124794913863823,0.5775635659611302,0.5649725074828583,0.8292350287120589,0.0025054410124897286,0.016755537325676584,0.021146947522445836
467,737c17fb2053fe9e3a5d5288713eced2dd94f8cb55ca341dca0b89123618020c,760,60,42,0.7,True,0.41384689276261877,0.933176875476255,0.8637566137566137,0.39659630074941865,0.9451895800322528,0.8783068783068783,0.012012704555997789,0.014550264550264536,-0.017250592013200117
468,c1f05c16b2d7c889ffde5d265b35855ef28bcb721b454a07fc50808fa2c66040,761,3,0,0.0,False,0.9401242335637411,,,1.0901588797569275,,,,,0.1500346461931864
469,728b6438ec155e09c7de0617369d96f7adf89b73031d5e2262788224d643d790,450,1,0,0.0,False,0.0798983946442604,,,0.04712309688329697,,,,,-0.03277529776096344
470,fab643d3dbe9452cbeba6d52f56484ba3d4ae4dbc92fb700b9e23390e8111b7c,176,73,53,0.726027397260274,True,0.9242486560793772,0.902436341987631,0.7948113207547169,0.9405690052942054,0.8964124348265494,0.7655660377358491,-0.0060239071610815875,-0.029245283018867863,0.016320349214828167
471,bf1d36faf63abbb35cae828f1d98458d35ffe988c2eb7269333165eb1cd4c865,146,42,4,0.09523809523809523,True,0.6248875468597925,0.07199651908542545,0.13157894736842105,0.6400879933637389,0.07083507889959503,0.11842105263157895,-0.0011614401858304202,-0.01315789473684209,0.015200446503946363
472,7f579cbd8265bd697b26318ed7afee2deeafcb9a5f01614126956ce61af60e10,306,2,0,0.0,False,0.11595172807574272,,,0.09913264494389296,,,,,-0.016819083131849766
473,e7b80c7861adc0143f8aead03ec9fa83b782439c3eae4730ffaa7beafa37c40b,609,206,17,0.0825242718446602,True,0.3526343751804128,0.1462328626609863,0.6224712107065049,0.36636020932942787,0.132784784755663,0.5963274198568317,-0.013448077905323319,-0.02614379084967322,0.01372583414901507
474,5687fb39646015f51572f69c6b829bb2b0f188170649c9dcef508412c5c8d217,608,20,0,0.0,False,0.05360748732637148,,,0.04346909822925227,,,,,-0.010138389097119213
475,f14d6510f9fc1f5d4f4f6e12b55c91c5092cdb7e18a53c4bb81049e41bd0c438,586,4,2,0.5,True,0.29801906179636717,1.0,1.0,0.39760867413133383,1.0,1.0,0.0,0.0,0.09958961233496666
476,3bbc671767ff8d3f1b2ea52acfefa255676f7eca2415bc9a89a8c045e5dfa013,388,1,0,0.0,False,0.43431979417800903,,,0.48031049966812134,,,,,0.045990705490112305
477,e107e9d5bde7f5f4713a06798e21d5a883582a1f5a03cadcb2ded4bb5a382a91,562,1,0,0.0,False,0.22510625422000885,,,0.19431951642036438,,,,,-0.03078673779964447
478,092638a5667f9190f0f1b755080f09974f3f54a85ef193eefb41b832ae5620d4,417,90,23,0.25555555555555554,True,0.3870567449615919,0.688078799403248,0.853990914990266,0.3974283554879043,0.6595600031411117,0.8462037637897468,-0.02851879626213627,-0.0077871512005192045,0.010371610526312358
479,030794bbb4c6c3cbac3ccd335b8dae9312009b73bb39c43c929f87a5fd3b6a0c,604,17,0,0.0,False,0.359297719948432,,,0.3645676120239146,,,,,0.005269892075482563
480,e3d3a4200c82b9b30585e324338592623f1af9fc50799677edc9dbe2d5c09f8a,603,1055,120,0.11374407582938388,True,0.3683776011966363,0.168104362624345,0.5937210338680926,0.3689899260804975,0.1646988286459637,0.5986497326203208,-0.0034055339783813088,0.004928698752228233,0.0006123248838612039
481,49ae5b3e5375a5ab9d3e29491bc1d7c1a3ffc3afe36f26901bfb762de9b4ff24,494,41,1,0.024390243902439025,True,0.11322369448636181,0.09090909090909091,0.75,0.11382502948626785,0.09090909090909091,0.75,0.0,0.0,0.0006013349999060419
482,5257e933e7118f0b0e86aa2ba7361e10fa3661453f2a55a555f7421dae66701f,126,1,0,0.0,False,0.17305070161819458,,,0.1442611962556839,,,,,-0.02878950536251068
483,94dab7050e09cd3c3b02bd6c432de4aa56787299b8383f3cebb82cf6e3649a2a,1040,3,0,0.0,False,0.07289549172855914,,,0.054725349958365165,,,,,-0.018170141770193972
484,664cb9cf0fad402c8bd07b64c3d897d6d222662d5df9d1f874b24ae22e6dda1d,449,15,7,0.4666666666666667,True,0.8676811267932256,0.4451548451548452,0.4107142857142857,0.8555874268213908,0.41749044606187463,0.35714285714285715,-0.027664399092970582,-0.05357142857142855,-0.012093699971834848
485,8872a5ded9b1f61cb4b520ad4cd27a98f196fa5403ed88a5733110419bb3292c,316,291,27,0.09278350515463918,True,0.3758615599482127,0.23262756616776492,0.7218013468013468,0.3948873052892797,0.23683327697673032,0.7125420875420875,0.004205710808965396,-0.0092592592592593,0.01902574534106699
486,5d02ea965a94ce6e4b51b4ce814e7a7c6237b061dec879a844b672841ba0dcf0,1256,160,48,0.3,True,0.7674610888701864,0.3537991902542612,0.5476190476190476,0.7767363987630234,0.35548143926561626,0.5502232142857143,0.0016822490113550526,0.0026041666666667407,0.00927530989283698
487,fe2930abb301c4c1816d163e3c476bed9258cb061f9c3f951b79334ec4cfabd3,337,796,478,0.6005025125628141,True,0.4188416067042257,0.8991893381910494,0.8684935922738874,0.41884877651534397,0.8996167204778609,0.8690001578905818,0.00042738228681149515,0.0005065656166943766,7.169811118257208e-06
488,cbd2900b09f6f3655b953f1f449193cd827cf5969655c5145d4513c4555a6323,1133,1,0,0.0,False,0.11108024418354034,,,0.0939713567495346,,,,,-0.017108887434005737
489,8a0a39d6d4b279be692f7f4535cf623a9801ccf10e3f102bd3fea47b0aec4f07,292,2,0,0.0,False,0.2006070390343666,,,0.1750686913728714,,,,,-0.02553834766149521
490,c9cf5ce451551420b05c33b17d1e1a69c5bd55854578c48d3a9facb85b092d72,432,11,3,0.2727272727272727,True,0.49546079811724747,0.6388888888888888,0.875,0.5162502107295123,0.5555555555555556,0.7916666666666666,-0.08333333333333326,-0.08333333333333337,0.0207894126122648
491,ec452590486ebc9ac92cb03e0c84cd22074a80d82405739db2b0e9a0e87a8dab,617,43,6,0.13953488372093023,True,0.21661793779538469,0.8,0.972972972972973,0.20866398079060886,0.8,0.972972972972973,0.0,0.0,-0.00795395700477583
492,48e7ab04d4a26258389c1742d2cdc846a0959dc7594bb5cebc860739b26ad127,214,241,13,0.05394190871369295,True,0.3424496468206934,0.04642921291114489,0.30701754385964913,0.3386543682118597,0.046119023041295094,0.33873144399460187,-0.00031018986984979874,0.03171390013495273,-0.0037952786088337187
493,708b99c21eecedf78cb27bff8dab826db00882a9664fa22d64489f362c8c67f2,327,3,3,1.0,False,2.21938955783844,,,2.321431835492452,,,,,0.10204227765401219
494,ef5dabb7c64055588bdae47c85140cfc6e2665e280d7e9567aa59e524faf78f9,874,2,0,0.0,False,0.45400184392929077,,,0.5521637201309204,,,,,0.09816187620162964
495,328b023afe02865bcf22b8c70f5c0fc4704af05e6516d0bd2707055de183f8b9,447,2,0,0.0,False,0.14983249455690384,,,0.11558330804109573,,,,,-0.034249186515808105
496,b5c2aa2205e6645857cf525d286be1046904b09fe94e296e515a7b79d5007fce,273,4,0,0.0,False,0.26186448335647583,,,0.32610950618982315,,,,,0.06424502283334732
497,b02c2469d2ea4601e7dd579f4c05e6f5e20d33db59305ebed9f900464346fdc6,139,5,0,0.0,False,0.09525044672191144,,,0.11406081784516572,,,,,0.018810371123254288
498,64651adbecd156d9b2528c69bf3d3b3282aae88c449638ce9d985b5e5ef09e64,266,1,0,0.0,False,0.4754873812198639,,,0.407725989818573,,,,,-0.0677613914012909
499,2bee684c96ccefa93f195ff6ccc9524b9e692bfe63879e3ba5d592b9dcb6560e,825,5,0,0.0,False,0.05860578790307045,,,0.07152246907353402,,,,,0.012916681170463566
500,9e347876e446e117184b42f8b8eea44efb367a156fc0f13051f7e55c97c09c6a,333,15,0,0.0,False,0.2585458790883422,,,0.25334193700303637,,,,,-0.005203942085305835
501,9e4dcfd5cc4649a55d52b7f6f58a5d66513f3553779f6df1a35c8924e2d62ff3,417,2,0,0.0,False,0.24088066071271896,,,0.24548005312681198,,,,,0.004599392414093018
502,74850ff3a746768b63892fb357a9655aaf2e7ed5cd149ccbc0728915128a35ba,371,1256,508,0.40445859872611467,True,0.7402369150777709,0.47386976024524113,0.621211682597162,0.7335890089705769,0.48062161268092923,0.6271829866520695,0.006751852435688099,0.005971304054907534,-0.006647906107194013
503,aea4a6fa9e9a4bdd6770fbcb453d71895fb15daecee4222f77cefbd0fe76cd48,370,35,2,0.05714285714285714,True,0.13161958016987357,0.6,0.8787878787878788,0.12894889542034693,0.6,0.8787878787878788,0.0,0.0,-0.0026706847495266417
504,c969d94aa6119cae20aff2f910608839e068d234c58e2058c61e48fa4951ed17,406,1,1,1.0,False,0.9127265214920044,,,0.802830159664154,,,,,-0.10989636182785034
505,f16393f916e75987d224ed7e628d34d787682ccaed927b69a5b772360c82a599,216,163,132,0.8098159509202454,True,0.5090201144882313,0.9957896228490016,0.9825268817204301,0.4479615597916407,0.995115533245547,0.9788611925708699,-0.0006740896034546084,-0.003665689149560225,-0.06105855469659055
506,a9936b86d8a59be62d664cfeb611dab89d9ce67708793bc080c31e16a27f6c76,603,95,6,0.06315789473684211,True,0.23855533222805733,0.17611181606695067,0.6910112359550561,0.25140765272716586,0.2603453947368421,0.6179775280898876,0.08423357866989142,-0.0730337078651685,0.012852320499108533
507,a5460b39e01b0a8ad640075ccbfe79abfd9cb6407f89575a1abc874fdcd4db76,510,1,0,0.0,False,0.022717025130987167,,,0.02748533897101879,,,,,0.004768313840031624
508,9553315cc33e34582647982e51ce4bbf3d96ccc2a4dea0f2e4a425b02626dacc,299,49,38,0.7755102040816326,True,0.4890814023282455,0.9517606140858464,0.8492822966507177,0.47233008331029996,0.9578450022805104,0.8636363636363636,0.006084388194663948,0.014354066985645897,-0.01675131901794552
509,2dd9f25484daa33e6433eefe1a87a1f9ae0224851e7ccbd8eec6a72de43552f2,710,12,5,0.4166666666666667,True,0.6111193966741363,0.7476190476190476,0.6857142857142857,0.6416195839022597,0.7333333333333334,0.6571428571428573,-0.014285714285714235,-0.02857142857142847,0.03050018722812342
510,8c693850357bc412b3eceb8c13fba642b3533326c179d5852781c2bcff3d94b5,383,2,0,0.0,False,0.2588193193078041,,,0.27907856553792953,,,,,0.020259246230125427
511,557c16d4a31232ed8ae25feb9bf61c821be852054a0ae43c2be19089482b6120,1393,1,1,1.0,False,0.9144004583358765,,,0.8653637170791626,,,,,-0.04903674125671387
512,a63d952ed2baa6434a34f9637f55d3e557bc6c9ca595869e0779840199b39efd,453,1,0,0.0,False,0.3527415990829468,,,0.4212134778499603,,,,,0.06847187876701355
513,b17a837756587a365f684c80948598133c4ccbe761400cb2392eae2a2c4a864d,240,4,0,0.0,False,0.010548039630521089,,,0.011436069500632584,,,,,0.0008880298701114953
514,bd8916d5b386090347733404bbf48b413a0b237b851f1b05a6ee2d3902d23137,185,103,103,1.0,False,3.9038586963727635,,,4.332458439382535,,,,,0.4285997430097712
515,5cbf894505a833167ed1a35fb135c83e69f9e4881e9d79ce0eb854d47cb16282,508,1,0,0.0,False,0.4577740430831909,,,0.477649986743927,,,,,0.019875943660736084
516,a19597cb41f07c476930f610c2948d398a42448bff99d7a923307c59274ac4ad,245,188,0,0.0,False,0.027568641367171486,,,0.03093149380181282,,,,,0.003362852434641333
517,fef5f91200d669f31758436cd95bc59aa3246f2a3698d360e6c298151bc78394,673,129,3,0.023255813953488372,True,0.8351785099899122,0.16148325358851673,0.8253968253968254,0.8138307611811761,0.4246487867177522,0.8359788359788359,0.26316553312923546,0.010582010582010581,-0.021347748808736022
518,de5f48db02ce0de871331020722bc5c0cb9135aa5629d76889374a76f13e7dda,757,24,0,0.0,False,0.06886005649964015,,,0.1009170066487665,,,,,0.03205695014912635
519,8c1c937861d611a96cd2f83a9c92380efaaf6c15081485b3370d3bc2d8e27ace,835,142,11,0.07746478873239436,True,0.1181647589529207,0.9283216783216783,0.9715475364330326,0.12146006473016263,0.9361179361179361,0.9819569743233866,0.007796257796257811,0.010409437890353979,0.003295305777241936
520,605b8520b896009949f54f30ad496656bf660d3c0489e06f49495c0364915db5,328,2,0,0.0,False,0.03291186410933733,,,0.045343924313783646,,,,,0.012432060204446316
521,d95e69e1dbec47903f88b3851bcdf2b1092472139737f37f919f24932ad54dba,323,1176,347,0.2950680272108844,True,0.3919024194243803,0.748497670812492,0.8832105623594275,0.38780028454569215,0.7538616103302407,0.8845124329510573,0.005363939517748717,0.0013018705916297835,-0.004102134878688157
522,0ade5cb5055eb17bde6b4f539f3f72f19246f20d8d5ee17be1f1cfac3fba4f44,397,5463,3774,0.6908292147171884,True,0.6329291564177667,0.8215274754752054,0.6988245428586042,0.6517960606062754,0.819555664229286,0.6957088997889332,-0.001971811245919386,-0.003115643069670937,0.01886690418850867
523,23ccafd90d85af5d46f333fff8a2804008baa19f65978cec82e3dcf12ee2081a,445,2,0,0.0,False,0.43338361382484436,,,0.41953374445438385,,,,,-0.01384986937046051
524,a372e7c01ac527d1c142a87cc2546dbd6e716e3cc4d2437319fa67b93d03c8fe,226,6,6,1.0,False,2.2592944304148355,,,2.019954721132914,,,,,-0.2393397092819214
525,47d269676c35cd2066d34dbcd43e9a5d1af70a0eb831514cfb824c54940d9663,608,14,0,0.0,False,0.008202815619629942,,,0.009716842556372285,,,,,0.0015140269367423433
526,272eb204b7596d86c89319fa512ed87dc6cd96acd2464f157ac179622c9fbe7d,739,2,0,0.0,False,0.013868208043277264,,,0.010964922606945038,,,,,-0.002903285436332226
527,d19b680524282b1c38f9dd57cda0bd88414262a7310a1e56d355e56aaa21b156,342,11,1,0.09090909090909091,True,0.35230614397336135,0.3333333333333333,0.8,0.369819166731428,0.3333333333333333,0.7999999999999999,0.0,-1.1102230246251565e-16,0.017513022758066654
528,71b182dc828675c75a9f1ae326cc5a0231d50d0cfc106de567a415a618343c84,461,21,0,0.0,False,0.014696073596410099,,,0.010690066874736831,,,,,-0.0040060067216732675
529,e232fb0fce55417669325a1439269741ddae9b3289dc46352521d84ec5c95aa0,466,1493,621,0.4159410582719357,True,0.7984033867622674,0.5846868735015529,0.6191875710972241,0.7860438981567471,0.5958160558098872,0.6322260633190031,0.011129182308334262,0.013038492221778997,-0.012359488605520275
530,2165ea8017dfdbb3e4f76ea4510782cc22d681532b81350fbb1120d3b148745c,465,2,0,0.0,False,0.10875452682375908,,,0.08730764128267765,,,,,-0.02144688554108143
531,ddc22b0748462d0e88c743852d536765a6d83d1a05dac33a6ee8af87cfbe8654,214,10,0,0.0,False,0.007081910339184106,,,0.006985227093537105,,,,,-9.668324564700032e-05
532,37e405aacce2a3f7dce748db4891554b5e5bbedc23dc555869faf6d865e697b3,848,420,87,0.20714285714285716,True,1.1767917366144198,0.2526873658043552,0.5394014704359532,1.1904318255007076,0.24326961920595389,0.5308411860135999,-0.009417746598401305,-0.008560284422353348,0.01364008888628776
533,58583c6df81432dd649a5ee04af342b8ad7126a488253a404b52cfe7edcec137,332,545,193,0.3541284403669725,True,0.5517615477507507,0.6541960744166708,0.7915538153556289,0.5438865779422719,0.6709120268659425,0.7941812882713142,0.01671595244927171,0.002627472915685325,-0.007874969808478793
534,9e29c77f4e71a849b380c2f3793a84eb8ade99205c3c24234e3818c161813181,382,5,4,0.8,True,0.7422135710716248,0.95,0.75,0.7222575843334198,0.95,0.75,0.0,0.0,-0.019955986738204978
535,9a9f54bdcafb33e30f37e9d54a8da463266508c8d80bcad84b4d2f478b5c87d2,491,1,0,0.0,False,0.004590541124343872,,,0.003370475023984909,,,,,-0.001220066100358963
536,0c5eb9505558859e7a1b89a9f049e7939c3cdfcdfeb249fd3a1f8d32d8f6b781,326,178,132,0.7415730337078652,True,0.9963895836740397,0.7540972061284522,0.5097990777338604,0.9893912428969078,0.7585620746830772,0.5139163372859025,0.004464868554625023,0.0041172595520421185,-0.006998340777131906
537,d15489f2a503ff480764bfa7b9e3566a3f4695e70b94fb4ec4528b764d422f2b,372,13,1,0.07692307692307693,True,0.5910771858806794,0.16666666666666666,0.5833333333333333,0.582456496472542,0.125,0.41666666666666663,-0.04166666666666666,-0.16666666666666663,-0.008620689408137316
538,5762cfbee5346257a94f89cca151a19b933ded8f59f54ea11392835d711adca5,425,25,0,0.0,False,0.0053189837140962485,,,0.0039905160665512085,,,,,-0.00132846764754504
539,0a14f4efb802a9601cb59a0a8f5e3fd4bd7cf5ef7f3d4fbaaf50c247c6ed85fb,595,378,234,0.6190476190476191,True,0.9787075448308199,0.7085874250443964,0.613233024691358,1.0099489930031633,0.7138025681612845,0.6132627018043684,0.005215143116888088,2.967711301038456e-05,0.031241448172343422
540,4a2cdffb4170ad90dea6a85e6dd709acff401a12fbcfec8052ee1ece3625523b,617,56,1,0.017857142857142856,True,0.0951882515302194,0.2,0.9272727272727272,0.09412875753228686,0.14285714285714285,0.8909090909090909,-0.05714285714285716,-0.036363636363636376,-0.0010594939979325368
541,2e90490e5cbfa2b315325ebac90105629c6038962f9e84819af11ad66258ab08,178,2,1,0.5,True,0.7349555045366287,1.0,1.0,0.7345232963562012,1.0,1.0,0.0,0.0,-0.00043220818042755127
542,b18dec6bdbf2816e497af46d99ec2e0dc350ad21a307a8bb884b1ba54b9da7b2,777,20,1,0.05,True,0.35296162397280567,0.058823529411764705,0.1578947368421053,0.3585176663516904,0.058823529411764705,0.1578947368421053,0.0,0.0,0.00555604237888474
543,7824c6b28444061d5a9c31af54d2fff7f3b751acf7550160563d33ce3d4bdd54,1172,2,1,0.5,True,0.13295720820315182,1.0,1.0,0.15845850645564497,1.0,1.0,0.0,0.0,0.025501298252493143
544,e3beff0466c3884ac13d76057362c74603eaf8394338a9c2d93314834ff8759d,1511,23,0,0.0,False,0.008906143990790715,,,0.008071542550485743,,,,,-0.0008346014403049721
545,a88a85bbb17a72f8772898d3d4dfa637342f4a5cf9ea0f813d22a23e239d2ce0,539,2,0,0.0,False,0.7671988010406494,,,0.8192308843135834,,,,,0.05203208327293396
546,414b0384e779f3a75a1565a004cf4a0b1f8afcb33fff0c5d4d06296ab7ac26f1,1187,2,0,0.0,False,0.021562275942415,,,0.029847753699868917,,,,,0.008285477757453918
547,0a13a70645fdf84d8e8f5ae423a44361fd43a44bd1167fb4deb715861c065914,1686,293,189,0.6450511945392492,True,1.9764988810370705,0.5883835048218774,0.37983312983312983,1.9852253747229869,0.5825134971455281,0.3827584452584452,-0.005870007676349265,0.002925315425315378,0.008726493685916381
548,a2a0367dc57ea9e638ae5a6d3ad069d12b02d16c6dd00b5df6124316ec881edf,513,3,0,0.0,False,0.027333516627550125,,,0.015053814587493738,,,,,-0.012279702040056387
549,0336d90970053146896580852ab952df4eac27b59ba35e461e92539deb87a31e,1503,1,0,0.0,False,0.2939680516719818,,,0.32414618134498596,,,,,0.03017812967300415
550,4ede5e4161cfe1e7441647e7f5c32d3719829a99bdd424c2a68260550c13163c,348,48,0,0.0,False,0.061402491216237344,,,0.09235127416225926,,,,,0.030948782946021915
551,d8f34c554ba55b974515a8c43ba436b2955b902b7a0c484741370184e15e327d,465,11,0,0.0,False,0.01077659639783881,,,0.012996204451403835,,,,,0.0022196080535650253
552,d25ca147d658515cdc0d3667be00edb3e0ed37339f10343e7e59b75014661369,127,1,0,0.0,False,0.20175974071025848,,,0.19628581404685974,,,,,-0.005473926663398743
553,d5973253023db9df7d423a909436099eefaef5dc29358bb972c68a604aad08f9,483,1069,638,0.5968194574368568,True,0.8770401454770239,0.7114978333712861,0.6617874884536217,0.8473783110589019,0.7214542515327487,0.6711846038592179,0.009956418161462532,0.00939711540559618,-0.02966183441812198
554,6fcd7510546f6916475197b4cc685730be47749ee22261b24813a38c97516602,115,576,53,0.0920138888888889,True,0.31554495943206956,0.3120695689467028,0.7906309751434034,0.32304481964864507,0.2717731528691773,0.778419134889426,-0.04029641607752549,-0.012211840253977368,0.007499860216575505
555,59014b8c368b2d52c2495355ecec90c082f5cb704c16d538db00b9de682477a4,138,14,6,0.42857142857142855,True,0.9666278495320252,0.41170634920634924,0.38541666666666663,0.973157132842711,0.4109126984126984,0.38541666666666663,-0.0007936507936508463,0.0,0.006529283310685807
556,f3634c76cd5aaf308418e7a1163c9151ac4c9a1920c15cdac7baef3b1ede19be,390,32,8,0.25,True,0.8906209319829941,0.2902913059163059,0.5,0.8961339183151722,0.35289606227106224,0.6197916666666666,0.06260475635475632,0.11979166666666663,0.005512986332178116
557,f878d83757db48cc3120917224e2369d0cdff3b9c6f56ef2558b6ed0eec8cdee,390,3,3,1.0,False,0.6023758351802826,,,0.6813799341519674,,,,,0.07900409897168481
558,2a3669cd8a3c6ee5d6e02090560c3371f7b61a5f3eefa2754ea8d4e2c6498846,625,1,0,0.0,False,0.010383686050772667,,,0.00868498720228672,,,,,-0.0016986988484859467
559,dd73276a874ac8499252e4fe6f7a77ff095b3177c71a809dfcbb2cc928b9e222,802,2,1,0.5,True,0.6418932676315308,1.0,1.0,0.6173815131187439,1.0,1.0,0.0,0.0,-0.024511754512786865
560,66eb0eb6e9a824bf93dcc9e9ac848e49b81e67ce39359efb5f0d912e0585fd7b,501,2,1,0.5,True,0.7456302344799042,0.5,0.0,0.7487526834011078,0.5,0.0,0.0,0.0,0.0031224489212036133
561,106a8b3fd850c7c58d45cc6db56755ed1b061bad0e2c37bbd6ce686387ecd79b,125,305,58,0.1901639344262295,True,0.48777905445952413,0.45291943926801737,0.7728605332961049,0.4840016033957029,0.5097642612989579,0.7910791567778864,0.056844822030940545,0.018218623481781493,-0.0037774510638212133
562,3330bb296067387baf8104738af9e31c2bb4aa14780a6bc5cb62c04b2dc4adf5,556,41,3,0.07317073170731707,True,0.25457514687895594,0.19461279461279463,0.7894736842105263,0.2638135847107439,0.1856060606060606,0.7807017543859649,-0.009006734006734018,-0.00877192982456143,0.00923843783178796
563,2bab8c13afb83dbec9695fbbfedc30ad40f940a45290e67310ae68f93c0fef56,509,61,11,0.18032786885245902,True,1.0330583737537142,0.3530241223423042,0.7481818181818182,0.9461727991898651,0.34699819014834493,0.740909090909091,-0.006025932193959249,-0.0072727272727272085,-0.08688557456384916
564,8323c5642e8f0c512a3cb88fea06aa798f8c7b911033757067df511e0c5ead9d,541,64,37,0.578125,True,0.7083854155789595,0.8597306764985557,0.8658658658658659,0.7277757420670241,0.867712172513733,0.8658658658658659,0.00798149601517728,0.0,0.019390326488064602
565,a2fbc2564ceece0c93720a40505df08d8ee5546b27d0e3b72a33c9cda1cce5fa,97,1,0,0.0,False,0.33774256706237793,,,0.32212257385253906,,,,,-0.015619993209838867
566,49bc687590cf428808453afd894c445afc754099e9d9f9001132f1c22ba136a2,908,2,0,0.0,False,0.004662312567234039,,,0.0039506332541350275,,,,,-0.0007116793130990118
567,e2efa8bc89be4b078ddd97f84f704c1c414a6f416fe2597f57560ed9e141e7b5,555,118,3,0.025423728813559324,True,0.1571248378555322,0.06043138300235461,0.6869565217391305,0.15090923252420785,0.04622101043543178,0.6492753623188406,-0.014210372566922827,-0.03768115942028982,-0.006215605331324342
568,d4978a79f2cd2a7fa529c8632ede803a9632661f71146ce517d787c3dc5aebdd,313,646,164,0.25386996904024767,True,0.7449586582174125,0.4935810761655266,0.729284738386803,0.7618191164815907,0.4889357237955835,0.7248696994231354,-0.004645352369943123,-0.004415038963667572,0.016860458264178257
569,88a4e8b41052c754c2121f997ea15013ab1a32ff470c9e036c3413ff7b8a74e3,1274,73,0,0.0,False,0.0008246217396265833,,,0.0007260019166370848,,,,,-9.861982298949848e-05
570,4c6616cbd79353e3ea17e7210ff41ffbe94edcb11a861e2b4835287fbf755a61,194,2,1,0.5,True,0.6213899850845337,1.0,1.0,0.6592315435409546,1.0,1.0,0.0,0.0,0.0378415584564209
571,19ca2084fe7672b86615e8be34efc6b99e6663e9f381053aabc2cb22ec1797f8,642,24,16,0.6666666666666666,True,0.6315373809387287,0.8624091900746312,0.7421875,0.6853598244488239,0.8849964985994399,0.765625,0.022587308524808614,0.0234375,0.05382244351009524
572,aed507009f27ca31b03692a04c9364adb07899adb1d70a09c3f7a210b9c5ff9e,638,272,13,0.04779411764705882,True,0.20624043322774976,0.08915311202107001,0.6943866943866944,0.19508202276007497,0.09826135271866006,0.7353727353727354,0.009108240697590045,0.04098604098604097,-0.011158410467674795
573,996f97c63c398c52b917c21cec8c89132d120a0a692b9aa2e403e718b8fbc9ab,221,41,14,0.34146341463414637,True,0.8999307052936496,0.6176055107784202,0.5886243386243386,0.8633768871063139,0.6730387223925852,0.6018518518518519,0.055433211614165034,0.013227513227513255,-0.03655381818733572
574,91785131b62248b50974a8e9f1330f733efbfc126cc064c464add22ed5f360d0,317,8,7,0.875,True,0.9855067890603095,0.9999999999999998,1.0,0.973196119768545,0.9999999999999998,1.0,0.0,0.0,-0.012310669291764498
575,b227eec65d772af73e304473a171961741e2bf84e12a9b4391b93f5606afdead,363,1,0,0.0,False,0.3385128974914551,,,0.4013232886791229,,,,,0.06281039118766785
576,c91665b4528d62734e3b13c4b1909d866d31b4d272165886e2b2188d6eb3a837,246,3,2,0.6666666666666666,True,0.7797235747178396,1.0,1.0,0.6763255397478739,1.0,1.0,0.0,0.0,-0.10339803496996569
577,154cdd82b3e45f07617d78015079a8dc8296023cb9aa5a6f59528d9a47e5dce7,643,31,0,0.0,False,0.003155729183720635,,,0.001546673658829663,,,,,-0.001609055524890972
578,b5924f70970a93784d25e1c4dfee6fc718b3ed09e4281b3196057556ee0b7a72,814,2,1,0.5,True,0.674322172999382,1.0,1.0,0.7007112354040146,1.0,1.0,0.0,0.0,0.02638906240463257
579,0792bebf329e1096fad87704ffde370a5de617e20765c0ba29243f7622a7effa,806,9,6,0.6666666666666666,True,1.8813148539306388,0.7999999999999999,0.7222222222222223,1.8856685119163659,0.7999999999999999,0.7222222222222223,0.0,0.0,0.004353657985727066
580,4559d46bbad6d9e2088700b45a80bccabc8dbb50f446a74466fb636d87b37bf8,278,21,0,0.0,False,0.01889111703660871,,,0.013325208587394584,,,,,-0.005565908449214127
581,839bdd6d36bcfbefd0f6dc9e11684246ae72111529469bea2d21913371b3c6d3,419,157,10,0.06369426751592357,True,0.26474141417389885,0.237897820272379,0.6319727891156462,0.2653236353953674,0.23443705417180538,0.6741496598639456,-0.003460766100573609,0.042176870748299344,0.0005822212214685596
582,61065c51ec32c120c2ab71ea269842512d87fb046f8f9376002eb00fd30f4b61,350,1303,784,0.6016884113584037,True,0.5014919008179093,0.86581049931163,0.8326906629703904,0.49592559492817334,0.8687972548066241,0.8381748653218513,0.0029867554949940534,0.005484202351460854,-0.005566305889735945
583,5cf8dc52b39be4b8c1db7377480bfa76e0a3598c3a6e28017a5fb05ba07fb42e,329,20,0,0.0,False,0.007031561317853629,,,0.0050165812950581316,,,,,-0.0020149800227954977
584,5823f7d608eb133075dbe79fdc73d9a4fc14d810afc4a7f23501858aced783a9,230,3,3,1.0,False,0.320277601480484,,,0.3270176698764165,,,,,0.006740068395932497
585,bcdd8eb61b66ac23e957cf411670d9186726713314584be3f3c0f58dcbcde08b,457,4,0,0.0,False,0.0010120923452632269,,,0.00046226287577155745,,,,,-0.0005498294694916694
586,62e1db4d77cde391e99623203157394f589eeadbe1b8bebc9ae5f2af2928c25b,213,6,2,0.3333333333333333,True,1.8372760468482738,0.6666666666666666,0.5,1.8964556708767002,0.6666666666666666,0.5,0.0,0.0,0.05917962402842636
587,00440103503779ef140dd4789b6d6a788a99e511deffa6b27687532b5eb1a060,261,16,3,0.1875,True,0.6417975253425539,0.31025641025641026,0.5128205128205128,0.6315014786086977,0.31666666666666665,0.5384615384615384,0.0064102564102563875,0.02564102564102566,-0.010296046733856201
588,74c212c724facecfe3c8b6776bb7698281a5af92ed9abadf33069192cfb26132,309,6,0,0.0,False,0.006266616090821723,,,0.005619561260876556,,,,,-0.0006470548299451675
589,20d1d3efb37716f4198ee1efade5dadb57d7a37631317d8f4eff334955d10637,490,146,82,0.5616438356164384,True,0.7990215264311801,0.5943578445266843,0.6032774390243902,0.9316091921614253,0.5667864523863343,0.5783155487804879,-0.027571392140349982,-0.024961890243902385,0.13258766573024527
590,55ce8370328bf893df9ac1022b98cee33a26a617fdb533d0536a15e8eca7f2d8,624,2,0,0.0,False,0.27349798008799553,,,0.2814536951482296,,,,,0.00795571506023407
591,7ee6096e97c03c5b6c621324556b4737a85b60c6a11bcc10062a06f4e7e21e26,255,465,66,0.14193548387096774,True,0.2889538657766396,0.5274199160550532,0.8690286321865269,0.29087903243264246,0.5326442918515313,0.8650793650793651,0.0052243757964780535,-0.0039492671071618135,0.0019251666560028413
592,76b0707cd947337226edec04d93fd883da16111d2282ee791c6384c9275cd7a4,673,23,0,0.0,False,0.003065251833860479,,,0.0026068342134670315,,,,,-0.0004584176203934476
593,977f1241d1509aacdb0443d120311c896e06b01a1e4a657084213563048e06d4,291,44,31,0.7045454545454546,True,0.6077478511936285,0.8613176830640936,0.7468982630272952,0.6088253129273653,0.859943507355986,0.7518610421836228,-0.0013741757081076056,0.00496277915632759,0.0010774617337367953
594,3461e3e69c85521693e3d138d5b1d1952b4f50250a0b44c1071727b581e26f43,1480,1,0,0.0,False,0.010160391218960285,,,0.006753789260983467,,,,,-0.003406601957976818
595,a86f7dbeb9c5f48401a1a452b440d782c35067d2da152180a09ce26f76d11639,1480,1122,176,0.1568627450980392,True,0.7236869635456971,0.22302136041768866,0.5476738179896213,0.7720482391463124,0.22077565477834682,0.5460942004612723,-0.002245705639341844,-0.0015796175283490088,0.04836127560061532
596,ac8872bcda31513cca60dcc41c3122a4c7a209960536e7c0a6e77872c511550a,1479,125,40,0.32,True,1.4063404806379693,0.45338042384819793,0.6183823529411764,1.5423619256687817,0.492015282378102,0.6639705882352941,0.03863485852990406,0.04558823529411771,0.13602144503081237
597,9a2dd0f33b783086af4e1188b0d87b073bc199cdb404ea2fe10342fc345083fd,555,127,1,0.007874015748031496,True,0.13139689372720445,0.007874015748031496,0.0,0.12452551695393531,0.007874015748031496,0.0,0.0,0.0,-0.006871376773269142
598,d09cb30f5f82458f11cec8b01cdf49b525283bb3dbaa554c742a5298c9af9c31,414,2,0,0.0,False,0.004095971817150712,,,0.0051402864046394825,,,,,0.0010443145874887705
599,2a9cc7808f1995b6d44c26570c59aeb90ec6c32cc09aa4108f18ca211093d8cf,191,268,12,0.04477611940298507,True,0.18269920584688365,0.14883641237678175,0.5865885416666667,0.1834017202960077,0.14194400998997608,0.6023763020833335,-0.006892402386805663,0.01578776041666674,0.0007025144491240587
600,78503b2780c806cedc8e36c2322c0983ee65bd3ff7402ac75223d532d1213345,372,11,0,0.0,False,0.002589011257937686,,,0.0021772661156402055,,,,,-0.0004117451422974805
601,ad3a4578662d309a6055c60a98d2609eebc9b5c09421cd5cb810151468649da7,143,1,0,0.0,False,0.3329628109931946,,,0.2621323764324188,,,,,-0.07083043456077576
602,e0e3f19ee5d0a262954e18d58b2b784c946b986043f82e18744ffc415344b597,448,1,1,1.0,False,1.9862643480300903,,,1.8388725519180298,,,,,-0.14739179611206055
603,4d6230632f41a1f6ee257c1973966f56a96924d924e09cc7de2f94292d839bf2,445,7,1,0.14285714285714285,True,0.21467374973664327,1.0,1.0,0.21343765369549925,1.0,1.0,0.0,0.0,-0.0012360960411440247
604,df563f7892d7a8dd8b5e4f02650ab5ee7c5bb678c6bb4f7854fe8e51b62a1119,1452,27,0,0.0,False,0.0019914353642552333,,,0.0024617112255698346,,,,,0.00047027586131460127
605,a030c41c6ceb321e70224ffdb1deeceb4ebc48c34107eaf227850d09a585bfc9,495,42,0,0.0,False,0.00939039937553129,,,0.009983711033349945,,,,,0.0005933116578186546
606,c1d153ed95ed9b174ecbfe3c62cd8129328e4eb6690ff7c39be0646a685be6f1,495,13,11,0.8461538461538461,True,0.5206883429334714,0.8939865689865689,0.5454545454545454,0.5017877636620631,0.9047303706394616,0.5454545454545454,0.010743801652892682,0.0,-0.018900579271408313
607,0a1b54cc0768d19db5fb64799717224bf1bfdc0b64c00493e2be1d5be4bf98fc,159,2,0,0.0,False,0.040726599749177694,,,0.026141238398849964,,,,,-0.01458536135032773
608,ce2380a296c4a8e5157aa6db1d3d9dff7c50640da2d04f146e4220ae4a9ba742,902,138,14,0.10144927536231885,True,0.28675936599746277,0.3325896885186167,0.7785138248847926,0.28174267354188487,0.3690059685713921,0.7842741935483871,0.03641628005277542,0.005760368663594528,-0.005016692455577898
609,45a9bd3fb112084cbc8fc2d2ff9fe59f10d1ad8e8e87c13c97d98fc9b35729b5,163,16,0,0.0,False,0.000372264958514279,,,0.00041422790081924177,,,,,4.196294230496278e-05
610,53b054db88f740bc1d6e333e9648e5399c12ada9ff343f39305bc8906436563d,183,3,2,0.6666666666666666,True,2.0818486995995045,1.0,1.0,2.299812619263927,1.0,1.0,0.0,0.0,0.21796391966442252
611,9d59b3f7337473858bb885776e6df830fd56b232a3b24856f50c4af89df2074e,210,4,0,0.0,False,0.007080476148985326,,,0.007478045532479882,,,,,0.00039756938349455595
612,e83add0f35d3a3107e561e97ece157334fe5019e9fefde8b792931ebbdf0971f,585,95,43,0.45263157894736844,True,1.32581561027879,0.669523448630956,0.6999105545617174,1.5977258158712893,0.6683838850706934,0.6737477638640429,-0.0011395635602626797,-0.026162790697674465,0.27191020559249934
613,dfdf0f2b8afd27e2de4984e5799b65947915a2fc6665547918b01c4c2f4bb8d3,661,1,1,1.0,False,1.2619142532348633,,,1.778948187828064,,,,,0.5170339345932007
614,0722fb7844a54430ddcbbd730ee418dcb30a6b38450f28323ececc43805be67d,286,2,0,0.0,False,0.27498675137758255,,,0.27010655403137207,,,,,-0.00488019734621048
615,0b4854a718c538409ae00cdd8962cf9bebc9b4163bef123304539b3b14f435b4,418,835,205,0.24550898203592814,True,0.44031447731683443,0.8165121058539295,0.94221447928765,0.43681492153332085,0.8162002223206966,0.9377893921796361,-0.0003118835332329706,-0.004425087108013925,-0.003499555783513575
616,809c105e2a6e885c842e5d098845d69476d417336b2a21c12259fdcbc240cb32,1106,3964,1738,0.4384460141271443,True,0.5838528004299375,0.7480910552250478,0.7863466543010369,0.582232075997397,0.7461393989422729,0.7874229603689837,-0.0019516562827749384,0.0010763060679468417,-0.0016207244325404657
617,7950e78fe988524a96ad986926f5f62bb3d03f0a86f51c21b6527cc60dba4d98,562,13,5,0.38461538461538464,True,0.6398144931747363,0.711111111111111,0.7250000000000001,0.6286386374670726,0.7453968253968253,0.775,0.03428571428571425,0.04999999999999993,-0.011175855707663662
618,822e1f68c174abf6b67ce811c1085dc5d792eb23506c2bb32ab4437825e65fe6,957,2,2,1.0,False,0.8442001640796661,,,0.9048934876918793,,,,,0.060693323612213135
619,b5e7ca71ef5af9ce9e3ffc10eebc77b2bb95d592400670484ee596f06be68e78,614,7248,1598,0.2204746136865342,True,0.4677223759432092,0.5302575955629552,0.7463623777509498,0.4677920982660207,0.5317027769480723,0.7479763974880105,0.001445181385117178,0.0016140197370606568,6.972232281149404e-05
620,69905b92158c82459ff97889328af099ead3d53a2a61133e9dafa047f3d7cba2,614,1455,346,0.23780068728522336,True,0.5755075750821286,0.4659494030055822,0.66806397473118,0.5738276181505718,0.4646675022303622,0.6731602182875788,-0.0012819007752200018,0.005096243556398816,-0.0016799569315567586
621,bb9b1ac881eee9ab4bcf3aa27c3b1a10e88c644fd78222fbe295dfa4b9fa247f,359,2,2,1.0,False,0.7885615229606628,,,0.8351692855358124,,,,,0.046607762575149536
622,0af3665cefd73d56bc353f7eb1853227894b60fc846c30f77852195c17ee4fe5,657,1,0,0.0,False,0.001345108263194561,,,0.003176722675561905,,,,,0.001831614412367344
623,7f0d6dc032892d6f1cf65f695fe6ffe1d095a621c36b21d7a5b0889fec946a66,450,5,0,0.0,False,0.05341129703447223,,,0.06339215645566583,,,,,0.009980859421193602
624,d9ed67323d51e7c96817385a331807d2fe99f0b2d641aed7839a8e8f163b1997,603,1,0,0.0,False,0.0024926706682890654,,,0.0021657536271959543,,,,,-0.00032691704109311104
625,22c56e0ea7ccbb707acb7452e7b9f669b7b23431b08606102423fb0625504035,337,1,0,0.0,False,0.0031970529817044735,,,0.00646818894892931,,,,,0.0032711359672248363
626,625dca17571aa908a266764f9c05d9d5ae843c4f2669de9a3d967c9050f56faa,920,2,0,0.0,False,0.007142422487959266,,,0.005433347541838884,,,,,-0.0017090749461203814
627,39f2720dd8390b0daf907500618c40e819e8b059cef3291929426ee935e91206,1313,65,64,0.9846153846153847,True,4.284140422711006,0.9413766193142411,0.0,3.811039940210489,0.9413660620759666,0.0,-1.0557238274477854e-05,0.0,-0.4731004825005165
628,6290ac0913cc53eba61e3fffaacd220601b70ddd3b2ad032f0d3b83310ae3c4b,372,9,0,0.0,False,0.04355220372478167,,,0.06742567853588197,,,,,0.023873474811100297
629,235f677c0c8538a9e7bf3c8b9bc73c73623d945bb4dce25bf89ab818e1479e9f,755,2,0,0.0,False,0.09472275152802467,,,0.06062769703567028,,,,,-0.03409505449235439
630,cca5c99add35f1d0c18e884eb9c01434a49e012bda69bcf6857afb0926a5cfae,451,44,25,0.5681818181818182,True,0.7411549436775121,0.6940478291940643,0.6673684210526316,0.6815642243759199,0.7564641204698458,0.7621052631578947,0.06241629127578152,0.09473684210526312,-0.05959071930159221
631,dc370543cebde07106ceb3c84f6d07404c73223c67597d0c7c55ba8d36f0f831,446,294,11,0.03741496598639456,True,0.11200628503757136,0.5232004201181902,0.9608095085126886,0.1182689722874883,0.5279708006980735,0.9608095085126886,0.0047703805798832155,0.0,0.006262687249916937
632,8fd865f7466844632d81a705b5e8370f3c9a1876567bc9238757d0f41ce3b342,606,122,36,0.29508196721311475,True,0.7716510060136436,0.3095183422608757,0.5545865633074936,0.7715077543302943,0.29936243578982313,0.5410206718346253,-0.010155906471052578,-0.013565891472868241,-0.00014325168334927696
633,d1c2a721898a28473ba330a563337364b28954b9b5cdb60be3f2ae6ae5cd069a,495,2,0,0.0,False,1.296238362789154,,,1.4073320627212524,,,,,0.11109369993209839
634,4d74a184281afa77edc9d7302a537b3afd9c52bccaa82ea84a5bf9d5f6f6d90b,699,92,75,0.8152173913043478,True,0.7200854265171549,0.9809129945997863,0.9184313725490196,0.7271571363443914,0.9824596600097442,0.9247058823529413,0.001546665409957848,0.006274509803921635,0.007071709827236483
635,5fa0c5d87f937114c5f9ac4b908f62c96a646299147de5e08362136b4fc252ac,107,32,17,0.53125,True,0.6836476749740541,0.6444478288776011,0.611764705882353,0.7265977659262717,0.609466658689621,0.5372549019607843,-0.03498117018798008,-0.0745098039215687,0.04295009095221758
636,8b759b94ee11a3d81d307d7280d3310e8a0d2f8cf0e2da20bcf9fee7ce6696c2,136,4,0,0.0,False,0.0017661174642853439,,,0.0014565408346243203,,,,,-0.0003095766296610236
637,0d0ec175c8a296ca3db113eff4d21fbc9c2bb1efd9bf4a8c39cee727f15a8a3b,514,18,0,0.0,False,0.12607360827840036,,,0.1361725861724052,,,,,0.010098977894004851
638,3fa18eb54ec40d14ffe757d4ea5610d82f444e748a118bb4bb5410eecc967a9c,518,849,124,0.14605418138987045,True,0.8346094988471333,0.08422979128597871,0.14240266963292547,0.7777584306179963,0.08500113381854175,0.1600778642936596,0.0007713425325630435,0.01767519466073414,-0.05685106822913699
639,01c65d6312eb4222f860a135481e45fa6f044b543e33f083fb57331972ddc6c8,111,2,0,0.0,False,0.3120516240596771,,,0.31091243028640747,,,,,-0.0011391937732696533
640,585c4a4cf32009d36582f6c31c51e8c7ae9759597c97c1706ee866cb337ea8cd,285,4,1,0.25,True,1.5125358043296728,0.3333333333333333,0.33333333333333337,1.6739537183893844,0.25,0.0,-0.08333333333333331,-0.33333333333333337,0.16141791405971162
641,5dd264ab61f448aad52a9a7ef98d5783f901cf5f8247f9c4b54cf70649b32982,458,28,6,0.21428571428571427,True,0.566576779820025,0.3102398205659075,0.5757575757575757,0.5456823348732931,0.36703296703296706,0.6287878787878788,0.056793146467059574,0.053030303030303094,-0.02089444494673187
642,5dd1e01e93838902306b78460b4bd6b21a40f7979bc092f4530126fbec8dabfc,272,2,0,0.0,False,0.2114921361207962,,,0.202658049762249,,,,,-0.00883408635854721
643,863641cad6c75a6e5cb6b01a07487a4c2493ec8d230463713c0728ce8ebf35b8,903,1,0,0.0,False,0.3201870918273926,,,0.2719375193119049,,,,,-0.04824957251548767
644,22c807f7783a47a231d5a5f8b2b7479238334dc39d0a5820e869188a2c000f0f,423,6,0,0.0,False,0.10313251117865245,,,0.1139938198029995,,,,,0.010861308624347046
645,7807e896342f7584ad6033dfdf0a6b0076732db9c708df5d0544de83fdf47511,479,493,178,0.36105476673427994,True,0.3844008542321368,0.8739112581691046,0.9091849473871947,0.3770777052224553,0.8796507306585314,0.9123595505617976,0.005739472489426745,0.0031746031746029413,-0.007323149009681507
646,3b212929c59bccac301932dcce3aad31f31cada5ba957251a8526caab404e7a2,122,1,0,0.0,False,0.06679937243461609,,,0.04450135678052902,,,,,-0.022298015654087067
647,c9c62f6c94abd2acf75c022e43fd489bb14d2e6652fa08c0ee4d1586e39de797,355,2,1,0.5,True,0.6923128366470337,1.0,1.0,0.7111508399248123,1.0,1.0,0.0,0.0,0.018838003277778625
648,cc98ba7ba4db15a791182b3e4330654ac14ed4b3b2f08e1d187be85a94998993,800,102,2,0.0196078431372549,True,0.3668595267095667,0.02532201405152225,0.43,0.3606005230012313,0.02362609142270159,0.39,-0.0016959226288206578,-0.03999999999999998,-0.0062590037083353756
649,0de3cd917bf28565f5773cec84b6a2a8c48bc14e62ad2478a58c4aeb84335c4b,102,1,1,1.0,False,1.50404691696167,,,1.5276689529418945,,,,,0.02362203598022461
650,2c221cf1a5ddadac6f8f670e50a75ef5edee3e0df9c6140af83b292f18cb0c42,152,7,0,0.0,False,0.07092008367180824,,,0.04979645048401186,,,,,-0.021123633187796385
651,bfd75f273e0e2657346971dac0cadb2fa0b2ccf4c3235360c7e0ed313107e3fe,164,32,0,0.0,False,0.01186019679880701,,,0.01152450954032247,,,,,-0.0003356872584845405
652,a2ad3f52daa5740755ca14f0a5a1c060d28a58645d39ca59b2f1779ad7b3ff92,441,857,473,0.5519253208868145,True,0.9309033305918615,0.6735994655860745,0.6339576726568006,0.9856002084806137,0.6534068878937491,0.599456593551797,-0.02019257769232541,-0.03450107910500355,0.054696877888752216
653,ef44f8136afa5b3371f7c4bb2e4ea32f2599156bb7c504ec847915bf7a117705,202,31,3,0.0967741935483871,True,0.6358858406160688,0.07039808541477063,0.09523809523809522,0.6633168047785969,0.07111958613627134,0.10714285714285712,0.0007215007215007063,0.011904761904761904,0.027430964162528104
654,8c3d0b3183fad54b302578447afe2dd28676bab9804ac1ad98940c1337334ee0,1488,4,0,0.0,False,0.00023536229855380952,,,0.0002490072656655684,,,,,1.3644967111758888e-05
655,91bf185c62aa57b27b4cf026fa9d1d7e66426c3a1019e9fb53c96ab4d5453dd4,219,2,0,0.0,False,0.27444442361593246,,,0.29538247734308243,,,,,0.020938053727149963
656,c86abc69c529f05b3870e28d8a5f7e884eb0d33069feedf7e24a7233aa490213,234,1,0,0.0,False,0.00878461915999651,,,0.008433517999947071,,,,,-0.0003511011600494385
657,a0be8e135f7c98a32963c33f83d3d8debb881f6c26ea195b1e743a831b19934b,499,2,1,0.5,True,1.2120285108685493,0.5,0.0,1.2161892801523209,0.5,0.0,0.0,0.0,0.004160769283771515
658,84c169b2c9975ab03094d1082a837233f9054103769fd77c95387af1ea0c8daf,1115,27,11,0.4074074074074074,True,1.080645563736282,0.5925435072174202,0.6988636363636364,1.10243627856727,0.5980531490906985,0.7045454545454546,0.005509641873278293,0.005681818181818232,0.021790714830987934
659,fcdc51c2fb0e3c26e678682a6e56e72205d560a8aa41ce45c7e21a00569fc454,406,7,6,0.8571428571428571,True,7.544170286000996,1.0,1.0,7.632779078838341,1.0,1.0,0.0,0.0,0.0886087928373458
660,b9198753c8747b7828546988d3b8f54376f9ecbf87661ec297eea9cce92a1e01,767,1,0,0.0,False,0.003992410376667976,,,0.0037075977306813,,,,,-0.0002848126459866762
661,833bca0c18168066f1a2f537d3dc499e94c64fc7dcdd1d71a85f1d74d5d64b45,886,1,0,0.0,False,0.5250044465065002,,,0.5080219507217407,,,,,-0.01698249578475952
662,6142db5eafe756bef6dc78c524f340e76dea6f48ae465a38a2a518c962631d47,158,330,0,0.0,False,0.04503381334564465,,,0.03377283390507342,,,,,-0.01126097944057123
663,cef4bb8fb7b8677076cb40c5dcd728f3d037cfeef3f6b90276cc4509ac6da407,103,3,1,0.3333333333333333,True,0.4497064606985077,1.0,1.0,0.4998474105183656,1.0,1.0,0.0,0.0,0.050140949819857894
664,e8669285398c85b4fba059c1e3bd6f5a1f866e6a360e9faf158b56206c0f8cbe,639,2,0,0.0,False,0.046232243708800524,,,0.04991202388191596,,,,,0.0036797801731154323
665,654714f03f47edfbd184977a2f92201496944f42467797cceb91016bcea59277,283,337,5,0.01483679525222552,True,0.21909614045515613,0.15645128836875066,0.7740963855421686,0.22056469713677637,0.15332729037043863,0.7542168674698796,-0.0031239979983120336,-0.01987951807228905,0.0014685566816202422
666,847a139c2e50a9e6f402079c4eaf7061284ab92b9fd68c381eaa0eca57a55728,418,16,0,0.0,False,0.0681448066898156,,,0.07279098230355885,,,,,0.004646175613743253
667,03346d5c8912f23e69eb32efddd16d88e4bb92b47873cb99ddd9f210c7b559bd,221,1,1,1.0,False,1.0901036262512207,,,0.9899855852127075,,,,,-0.10011804103851318
668,025f853190443a62dc0aab5b6519576c4082395d16d4ac97a27d517515aeac9a,467,882,233,0.264172335600907,True,0.6355673432560568,0.6419624527754884,0.7848323931833061,0.6426667268609304,0.6515319655579888,0.7982303576978778,0.0095695127825004,0.013397964514571647,0.00709938360487361
669,c16d4949014495fa1909a659812e83b84a7e163413024e4963380ebe2ca5cace,328,20,0,0.0,False,0.01750321824802086,,,0.013376869045896456,,,,,-0.004126349202124402
670,1b8f053747ef26b689a66ba2fef64e86b560e2fad784f49a9d894c4ad291fbd7,670,2,2,1.0,False,0.8567380011081696,,,1.0202957093715668,,,,,0.16355770826339722
671,a1fab640dcd6be6fa94464481d978e3b93a64c27b39de43c46a6e528c47341a6,250,1,0,0.0,False,0.42233017086982727,,,0.3782508969306946,,,,,-0.04407927393913269
672,9a19ae34b9a8659711911a231c3958c3d0b2a640dade454f444d576fe03f02e0,514,1,1,1.0,False,0.9945954084396362,,,0.9837632179260254,,,,,-0.01083219051361084
673,bd7b79ccd0ca772e74d83062842b74abf6613a25b56a67972db7bb9b9364dfac,372,2,0,0.0,False,0.0021101777092553675,,,0.0015460896538570523,,,,,-0.0005640880553983152
674,2dd6454f1efde99a4c02ac938b4ecc083976273ffa0390d0a977e10494e6ebed,246,1766,1359,0.7695356738391846,True,1.4707279982832744,0.9352964618670833,0.821323129270149,1.6993359037763907,0.9334521985352988,0.8175879069918806,-0.001844263331784446,-0.003735222278268502,0.22860790549311627
675,294087975c0916f44ef90052bf3463acf3aed81092f6f4dbca65fe96637e9a4f,151,2,0,0.0,False,0.4801021218299866,,,0.45523665845394135,,,,,-0.024865463376045227
676,f93a66452661481ed57014021c29c066900968aeba9e8d79f4d87ed69987d9b7,367,395,187,0.47341772151898737,True,0.8255514917901092,0.6394094985704231,0.6954056972439325,0.7612635199334237,0.690715163449749,0.7293937679967092,0.051305664879325974,0.033988070752776656,-0.06428797185668556
677,43ddd6e704210e02d4ac437935b929de44cd73bb5277dc1407b6a07081104dab,619,60,30,0.5,True,0.5300949197844602,0.8459956797541738,0.8477777777777777,0.5122858833366384,0.8703570894791183,0.8611111111111112,0.024361409724944494,0.01333333333333342,-0.017809036447821835
678,069a58f431c61ca85a0441f566dc7cdf6be9d8285fe71cd10c898f816d8adf0c,259,325,72,0.22153846153846155,True,0.7956960266244669,0.4028647042223389,0.6848924022837068,0.7780079526207052,0.4407183081936474,0.7337779973649539,0.03785360397130849,0.04888559508124701,-0.01768807400376171
679,df971a35c6955ddd1ec51c9ad909413ed41d63bbb1587be474a292517bfb15ed,527,107,10,0.09345794392523364,True,0.24163456562069838,0.36364582918662613,0.8541237113402063,0.2475256058602337,0.3211494645705172,0.8654639175257732,-0.04249636461610895,0.01134020618556697,0.005891040239535322
680,58d649daa1e1b12ac8e4ea006041007ed2d2425f221c1b2ef6bfecb8bf89432a,504,1,0,0.0,False,0.7133698463439941,,,0.7081517577171326,,,,,-0.005218088626861572
681,3e3af325b89d5ed51da3da463c36afac892f1a9edc41526128113831bbee4dbc,530,2,0,0.0,False,0.029559654474724084,,,0.030340573532157578,,,,,0.0007809190574334934
682,7c85b904a2049dec5c358d8639ee15af3ec5754f5eb0707659b7b4daf57fce83,118,2,0,0.0,False,0.6456565260887146,,,0.6270224750041962,,,,,-0.018634051084518433
683,06792f6f6aab55813a56c7c4320cd5b589411c054239df9c9230b6bcadfe69c4,176,14,0,0.0,False,0.006281397870874831,,,0.005793996232179259,,,,,-0.0004874016386955714
684,6751467af40df0063cb4e5339ee9a7fb7bcdb42f1e954ffacd6a48061c003e5b,614,5,0,0.0,False,0.2778491035103798,,,0.26036597788333893,,,,,-0.017483125627040852
685,ff4349abf902eb003410cde0688f50b00ebc5b806cacaeebda71db6129765a7c,97,22,0,0.0,False,0.010982932914471761,,,0.013447331738213754,,,,,0.0024643988237419926
686,9112bbed27c42f31d518060045f8f075e25408811ec7af9d1b9bb91c91cbd1d2,487,2072,829,0.4000965250965251,True,0.5538826227501847,0.6827130692300568,0.7838258542166653,0.5625615299442912,0.6718141432834386,0.7764678823850232,-0.010898925946618232,-0.007357971831642107,0.008678907194106467
687,79acfa657ce790203e2b768ff543cccede1f387a4eb7b458aa9caa46fe5d1717,267,63,9,0.14285714285714285,True,0.30200128564389334,0.4477971102971103,0.8559670781893004,0.3015208566757215,0.482164124909223,0.8415637860082303,0.03436701461211272,-0.01440329218107006,-0.0004804289681718532
688,266e943682a0ddcb4cd4532fc9a4d6b6bf941ce7d8c2bd9f5011cf7fd02d13bd,505,143,36,0.2517482517482518,True,0.3882990324722401,0.7184419539487897,0.8694184839044652,0.40713230503228054,0.678732189507901,0.8646157840083074,-0.039709764440888695,-0.0048026998961577805,0.018833272560040415
689,e50c03a7137d038c6dcb707e994db3c2e0862b3416f2c0213ba149a96adebaad,545,2,1,0.5,True,0.4926081448793411,1.0,1.0,0.5147020816802979,1.0,1.0,0.0,0.0,0.022093936800956726
690,0e067e7e96dba1e520fba5e7843dc3fa3801fd2c803a88ace166ab8a28d5c3cb,242,6,0,0.0,False,0.14945728122256696,,,0.14468801324255764,,,,,-0.004769267980009317
691,3bc63f46a5d1db02df0bebd67631aaa4b41a4e83ebd6e90ae5d722bb1fc0dce7,596,1,1,1.0,False,0.6946130990982056,,,0.6706960201263428,,,,,-0.023917078971862793
692,6922e89ebe542679beda3d7a29f57d39a71922356fec707cbcaf7cfb04857e7f,361,70,39,0.5571428571428572,True,0.8739886826702526,0.5742355315896408,0.5616211745244003,0.8547619779195105,0.5892763766185589,0.586435070306038,0.015040845028918115,0.02481389578163773,-0.019226704750742174
693,4c0e42fe8489788b99a8ba52704aa137a8488d3e3a27d1c2d5739f7b048b286d,894,2,1,0.5,True,2.238304608501494,0.5,0.0,2.3902985621243715,0.5,0.0,0.0,0.0,0.1519939536228776
694,6a1072c9cf780e942543eeccbbd22369957df03e05e2e0a36d9e4321d82e0a16,648,14,0,0.0,False,0.02774751025052475,,,0.04494100757126164,,,,,0.01719349732073689
695,f343ec4b3ed720c3901407308f9a4afd2ad6f74c3466b2f3ee302246fd44f2ed,250,2,0,0.0,False,0.00960282189771533,,,0.011666900478303432,,,,,0.0020640785805881023
696,bbfda0f1e116f9c03521a66e5a95724669e28d59e656f0ecaa7cec6c1f2899ce,923,1,1,1.0,False,1.0908300876617432,,,1.101056694984436,,,,,0.010226607322692871
697,713afabd5bda3ad1dd9a8736accc3ddbd70fc99d9ce176c0580c05850faeb203,229,16,0,0.0,False,0.013007835776079446,,,0.011331856512697414,,,,,-0.0016759792633820325
698,b76e535a03d0d83bdd565a448d56c7fd12a2405c16b2cecab4ccce335933ea40,1863,13,1,0.07692307692307693,True,0.5559315022725898,0.16666666666666666,0.5833333333333333,0.5842048001045791,0.16666666666666666,0.5833333333333333,0.0,0.0,0.028273297831989286
699,6b08229612dbd4b34504446bd64df4c729693a87ea9e981bfa0a00f03d2a6ab8,319,819,29,0.03540903540903541,True,0.16250289300421392,0.05311379178015843,0.6670886075949367,0.16475665622772603,0.04951931811345266,0.6466171977302488,-0.0035944736667057747,-0.020471409864687873,0.0022537632235121174
700,962dd4d3d2f7709ba5b90d3992c2066605571aba10304e4ab9cb015cec19594f,587,41,6,0.14634146341463414,True,0.38963324590245396,0.519869750132908,0.8357142857142857,0.353407166580238,0.6750841750841751,0.8547619047619048,0.15521442495126703,0.01904761904761909,-0.03622607932221594
701,facf84ebe1a894b6afe0361ab5833edc0c924fd2e681ae3bad1bcb1cf1675b28,491,12,0,0.0,False,0.0031819846820629514,,,0.004108184371337605,,,,,0.0009261996892746534
702,6bb1bfa44707697edd06ef149401517716decad0a323a67767a51c6820f94d1c,604,13,4,0.3076923076923077,True,1.344696528564852,0.8928571428571428,0.9166666666666667,1.2654425860024416,0.8928571428571428,0.9166666666666667,0.0,0.0,-0.07925394256241036
703,39aee155b9cddde5b644d02ac8f35022ccf9f085b947145eb269ec9b1ac6fa30,602,454,44,0.09691629955947137,True,0.4094152464287762,0.11234562482531307,0.451579822616408,0.41560406273714007,0.11183531440685973,0.4598946784922394,-0.0005103104184533414,0.008314855875831417,0.006188816308363876
704,42353e7358c520438331fbd40886a43cd2a375d29227d3f89c81d55458aebee3,717,2,0,0.0,False,0.41310764849185944,,,0.4641833156347275,,,,,0.05107566714286804
705,a04cdd9d964a9278b2a8cf711f294e7db5693a04ec94b08e18de4b66a10d8d1a,434,1,1,1.0,False,1.036036491394043,,,1.218151569366455,,,,,0.1821150779724121
706,9947d2c5b5ddc2893700fa695c8c05d8b1cd28213fdf19298eb174d8e85d3013,374,40,0,0.0,False,0.03217523950152099,,,0.029876180677092634,,,,,-0.0022990588244283586
707,7a77ea75009952e4b58b41f95ba8125e1181a882287b5ed41ee512932fe81d24,441,22,0,0.0,False,0.004325141484679823,,,0.0046168036675556905,,,,,0.00029166218287586705
708,34f933c02be90129f17c4bef6df131f3e44f0b10b156b994314aae67c07f1a10,199,36,6,0.16666666666666666,True,0.34728741757054293,0.5537037037037037,0.9111111111111111,0.3685221140169435,0.47440476190476183,0.8666666666666667,-0.07929894179894187,-0.0444444444444444,0.02123469644640058
709,885801501534f9905e9703ea0e9962250a160db356a8907c6a92ff58a98e1ccb,375,1,0,0.0,False,0.06838706135749817,,,0.09724534302949905,,,,,0.028858281672000885
710,1921d93ebf190fd685a8ec2b89d8c4f945408ef66d0c226eff736a99677bfc4f,425,65,2,0.03076923076923077,True,0.14400336349678514,0.13392857142857142,0.8412698412698413,0.1306709685112135,0.2,0.9047619047619048,0.06607142857142859,0.06349206349206349,-0.01333239498557165
711,f937e1aab1749281016930e188af4a8b2923a691cf66cb1961b7338b5a0f8c81,520,369,32,0.08672086720867209,True,0.38743648428260413,0.09714083561690515,0.545066765578635,0.40264078975228595,0.09088517280365477,0.5182678041543027,-0.006255662813250379,-0.026798961424332246,0.015204305469681823
712,507d82f9fec5d18d8111fc2f8c7fd741002a7b1a1c9802e253e7c3dcc23e73b5,1291,18,1,0.05555555555555555,True,0.13366195107583836,1.0,1.0,0.14800235513313156,0.5,0.9411764705882353,-0.5,-0.05882352941176472,0.014340404057293199
713,ab556826f13ad9b3a8626fb8d0b271972b7b819c13f9af33220d016bb22cf8d7,1094,2,1,0.5,True,0.8162279427051544,1.0,1.0,0.8316130265593529,1.0,1.0,0.0,0.0,0.015385083854198456
714,a29ee06307562ef48cb56e5da47261589099d369e888605f99461e047b3b3f39,589,1,1,1.0,False,1.4885131120681763,,,1.352921962738037,,,,,-0.13559114933013916
715,7936a5a915944e44b9feaf803400283988ea53c14d877e78053209f31b7c85e6,483,3,0,0.0,False,0.2048568023989598,,,0.1833479329943657,,,,,-0.021508869404594094
716,786aa563767b0f49961cd72c56fceec9ba2226e3ec11b8a4509826570cb5dd08,145,3,0,0.0,False,0.15669144690036774,,,0.12443556636571884,,,,,-0.032255880534648895
717,553244ce78eb1aa767d9f9021914dbc764f94366e36495c99367649afddea785,535,85,42,0.49411764705882355,True,0.3736254355870187,0.9054585110728679,0.9341085271317829,0.3552050450734575,0.9103284478325139,0.9379844961240311,0.004869936759645976,0.00387596899224818,-0.018420390513561202
718,ea604ed7205f6778d46f9ba20f4fd1de8938ca8feb49d831fe140a59d052c126,1354,3172,847,0.26702395964691045,True,0.5188876122376834,0.6156914214551323,0.8156273247768849,0.5130005280013862,0.6306398327732741,0.82138451968364,0.01494841131814173,0.005757194906755081,-0.005887084236297246
719,0798437def06af18f0ee151fb68a7ef37e16370ca11546ce6c0bc2b644f3a960,753,193,54,0.27979274611398963,True,0.4068120775158548,0.7711674531368146,0.8846922462030375,0.3951045686485085,0.796184511040571,0.8940181188382628,0.025017057903756412,0.009325872635225219,-0.011707508867346283
720,9eade45bafd98526174f9f37b28f23faea6aad63cc9749265c2bc2452f907d78,418,331,280,0.8459214501510574,True,0.6206400427528378,0.8706452202678487,0.5289565826330532,0.6816217956214783,0.875561374815547,0.5479341736694678,0.004916154547698226,0.01897759103641461,0.06098175286864049
721,d5c96727835a203ffe4fd4c4e0584d46af209c7491602bad5edc62bedac2bc4d,397,41,20,0.4878048780487805,True,0.867404266964735,0.7030644546232026,0.7464285714285714,1.0002159078764479,0.6868618962914039,0.7130952380952381,-0.016202558331798622,-0.033333333333333326,0.13281164091171282
722,b278b42ab9dd97cdc232913059e552c49533c30b91ce59c487f20f18c9007840,529,105,2,0.01904761904761905,True,0.09018915841256135,0.08448275862068966,0.8276699029126213,0.09330736156774773,0.07881136950904392,0.7645631067961164,-0.005671389111645733,-0.06310679611650494,0.0031182031551863776
723,0be46fb37f37fa1613d7d82f5835de86bf48b907bb4ea902c281254e5a622d4f,364,2,0,0.0,False,0.13635320961475372,,,0.16762764751911163,,,,,0.03127443790435791
724,e2f10fe26c2c52687979a18318ec66ca712399fa0eb929df1e73ff5c94db3eb3,374,1,1,1.0,False,1.0568922758102417,,,1.078910231590271,,,,,0.022017955780029297
725,d2fc45ff347238e2b6877304988c9d05b3616bd04bc7b8631ed7f991d0eeb175,428,33,0,0.0,False,0.007488722279407683,,,0.007062138279390197,,,,,-0.0004265840000174867
726,59fbd9c8e5b72d29861ef54feacd32a28e0c8fe61f190e1a8211caefdfba725b,227,1,0,0.0,False,0.5001407265663147,,,0.4715673625469208,,,,,-0.02857336401939392
727,6a83224a8f808cc25e7ad01e8a9040c0c8dc7d4d27e22f2fb54e59364d5e37c9,533,358,89,0.24860335195530725,True,0.3640083327975453,0.7167666728962556,0.88807902760954,0.3570945641157925,0.7211255990453729,0.8909611127354747,0.004358926149117259,0.002882085125934686,-0.006913768681752808
728,4eb1f8533467fad1fd9b6cd49f151c510aeab2ce71a85c43672bda98f8e6e3c1,222,263,0,0.0,False,0.07562686748689346,,,0.0635843602190159,,,,,-0.012042507267877561
729,fa78016674cb57805cf9a641d30c6a6bf6596a116d9c7f70636bb7f5e7960020,572,1,0,0.0,False,0.34530016779899597,,,0.37914225459098816,,,,,0.03384208679199219
730,bc397cc8eb78693a226a23c89a09eb3c0054deef0ef8c9cae74b11a491fad1df,870,831,277,0.3333333333333333,True,1.565562794215696,0.48400151229440735,0.7105918231698576,1.3514513849414516,0.5425432362016416,0.7586147349763452,0.05854172390723422,0.048022911806487656,-0.21411140927424444
731,ac8a99218b7d0124307d89d41cee6bdb225105c8c24eae60ef2be8577b84c3a3,1333,883,229,0.25934314835787087,True,0.45320776041552896,0.7356442548188485,0.8432688327123645,0.44629145800407455,0.7366336619652442,0.8429917337713501,0.0009894071463956156,-0.0002770989410144642,-0.006916302411454411
732,15625e82717679d49338a6bd2deed7a37bf2639a682d0b02b6476f3424907e8f,288,147,12,0.08163265306122448,True,0.3489543471539228,0.1623606137761302,0.6570987654320988,0.34585124110133025,0.17001576279065242,0.6583333333333333,0.007655149014522217,0.0012345679012345512,-0.0031031060525925636
733,c35efd5e1938b6db97cf4e54dd62ced8f3f181a6c791b3e8b251868a5aed5ce1,114,58,0,0.0,False,0.01642872645632075,,,0.01545987515870867,,,,,-0.0009688512976120788
734,35b130e2be634892aaa33f5d8c7a71e9e26f6fdb1b6f2ee8f922748aecd928cf,526,47,5,0.10638297872340426,True,0.2918243966104978,0.5474457215836526,0.7690476190476191,0.275844467546236,0.6641123882503193,0.7785714285714286,0.1166666666666667,0.00952380952380949,-0.015979929064261822
735,d863fcef95df00de40c3c0517d9439ff423a7352cb979562bef7e0eb638560d8,524,77,2,0.025974025974025976,True,0.7479731358781263,0.026500638569604086,0.2733333333333333,0.5920796638911033,0.027045300878972278,0.29333333333333333,0.0005446623093681921,0.020000000000000018,-0.15589347198702297
736,a2521b8892ea9a5271aeea992864da9ab42129180b785a6302aebdc438b7b8e1,969,44,7,0.1590909090909091,True,0.5608869270548563,0.14182168880311297,0.3899613899613899,0.5749516635286537,0.17818156502367027,0.4594594594594595,0.03635987622055731,0.06949806949806958,0.014064736473797357
737,2d18ac9566390f8e8a70ccbb95841c3aa5c4e4c5fd088d59fd7e1ac28d693c44,542,52,2,0.038461538461538464,True,0.26799978629619897,0.04673913043478261,0.37,0.2771735714911931,0.03867595818815331,0.26999999999999996,-0.0080631722466293,-0.10000000000000003,0.009173785194994122
738,c54aa1899df48b9f1ebec31e863698e4b29588b609d4b2183a1164c141a8918b,128,1,0,0.0,False,0.4543071389198303,,,0.4390425980091095,,,,,-0.015264540910720825
739,c7eb0ffd0c784af8641ace79db74144ea7cc8f746358e649bdc5c7a7f3e49966,464,19,2,0.10526315789473684,True,0.4387325574582639,0.41666666666666663,0.8823529411764706,0.4994393170330257,0.41666666666666663,0.8823529411764706,0.0,0.0,0.06070675957476179
740,127d6fa747fb34792c370680d05784d5f2f9f3843679204b0b255ff69e53cbc3,437,26,0,0.0,False,0.0007986034451487984,,,0.0011196903609953341,,,,,0.0003210869158465357
741,6c9269dce301e32e193d510c845af8184283d5ff3af8de4e5c7e7a166ff1ba45,324,19,11,0.5789473684210527,True,1.0925020453961272,1.0,1.0,1.2072946758646714,0.9708624708624709,0.9545454545454546,-0.029137529137529095,-0.045454545454545414,0.11479263046854427
742,b00d7a8f5b64a0453cdb612190553893402eda54581955af26aa07b415ab2147,589,338,2,0.005917159763313609,True,0.025945701521319555,0.5833333333333333,0.9970238095238095,0.02338427079164295,0.8333333333333333,0.9985119047619048,0.25,0.0014880952380952328,-0.002561430729676604
743,cc6f2ed182a2e8bb36e3ae081926e30444525e2e03659e1a553ea168b9404ead,291,208,0,0.0,False,0.15971198227802794,,,0.18531447406768656,,,,,0.02560249178965862
744,d6b94d57bf52bc0af4eb1f2866d0175f26a7bd411b9720c512e1b7d133843602,267,3437,2122,0.6173988943846378,True,1.637984076353681,0.6829064767015438,0.6105480158971914,1.6250489274025504,0.6886630471187691,0.6182935963274478,0.005756570417225326,0.007745580430256416,-0.012935148951130682
745,9da9b15fc267f5f2896aafceeae1d1eefc8f541e11ccd9d667b1cdd1af724bed,590,1,0,0.0,False,0.027136430144309998,,,0.03802148252725601,,,,,0.010885052382946014
746,544ecc2e4238d28f73f8c60d5e04d6ec9947a5b022810b36cb765912a7a2b4d0,589,348,125,0.35919540229885055,True,0.48717731115576846,0.7245026111294324,0.8601793721973094,0.49768532688753553,0.7159773752690267,0.8550852017937218,-0.008525235860405656,-0.005094170403587617,0.010508015731767073
747,e5a12a2eaf35a924c2b5487dcd736544e110119577eea8ed525423ce21b0366a,405,1,1,1.0,False,0.09790143370628357,,,0.11583182215690613,,,,,0.01793038845062256
748,ca99ef5d514450525a997a2ced0dc435b1c3439367dc5e1c91a8182f0f5f5425,405,1,1,1.0,False,0.09628721326589584,,,0.11555773764848709,,,,,0.019270524382591248
749,911d6a674ad8edecc50cef2b7449488ab575d9cc026a29ae0e0553e618490698,405,1,1,1.0,False,0.09951824694871902,,,0.11830198019742966,,,,,0.018783733248710632
750,c6ab67349a810b37ba2f83c7990450a4ab1efc4fa024c82f4943e41df332a9c6,405,1,1,1.0,False,0.09924858808517456,,,0.11500977724790573,,,,,0.01576118916273117
751,2c9a21ff21a8fb9ed5a96dd8e9cc343a0bde4e5b929d3d8b8ef96dcd726a0b2f,405,1,1,1.0,False,0.0968250036239624,,,0.11090974509716034,,,,,0.014084741473197937
752,0e98f8f945fd307495b7f70bf24bb1441c8c174adfb464e2e42b2536144a12ee,405,1,1,1.0,False,0.10032762587070465,,,0.11775251477956772,,,,,0.017424888908863068
753,11a2f30226bb40cf56698086337dbfe8d6309c54d2eb13cbb20cfca98dad3a68,405,1,1,1.0,False,0.1011376678943634,,,0.11885172128677368,,,,,0.01771405339241028
754,a1ee5788d0ab4a476677c824b088b0fd3480c99feeefaef0613756943a86adf3,405,1,1,1.0,False,0.098170705139637,,,0.11254773288965225,,,,,0.014377027750015259
755,ffd6f05066ef48c469de5fc0a22ac0c66d367288c1b704ccd1943bee51853d23,405,1,1,1.0,False,0.09844008088111877,,,0.11336775124073029,,,,,0.014927670359611511
756,c167d44285dab2ada9f3dbce0a48545da3e2d10da09b9a367a3acb2b99a546bf,405,1,1,1.0,False,0.1005975678563118,,,0.11885172128677368,,,,,0.018254153430461884
757,2e1916947ead97420bfa68840885093e7128fd7569677bf0c93643f948d65763,405,1,1,1.0,False,0.09870950877666473,,,0.11446213722229004,,,,,0.015752628445625305
758,1f67960d9957058617b99f0807743c235ddae89e9f01996c0ae9331605e92a7a,405,1,1,1.0,False,0.09574972838163376,,,0.11555773764848709,,,,,0.019808009266853333
759,4be14a5f24aca52bb8f31feac9faf877b44e395df5cdad1bf4f41b71e4002d2f,405,1,1,1.0,False,0.09951824694871902,,,0.11830198019742966,,,,,0.018783733248710632
760,53c522ec59a08d77d893f7fb0a43739cdc368f3e9553955b73ec78232ba46ccf,405,1,1,1.0,False,0.1005975678563118,,,0.11857681721448898,,,,,0.017979249358177185
761,5f16ef93c69266316922e9c8f4ad67809c325e08133cf69060c39302439b6a09,405,1,1,1.0,False,0.09978796541690826,,,0.11830198019742966,,,,,0.018514014780521393
762,454ee663ce3048464365fc4a533e1f189d56c62d467c28a5d53d4b7ce8560415,161,47,11,0.23404255319148937,True,0.5197868909627358,0.5899663067071191,0.76010101010101,0.5070764771365421,0.6305790192763534,0.7727272727272727,0.040612712569234266,0.012626262626262652,-0.012710413826193645
763,3e44769799ad025fadacc3f9105f5b419e68781b7c535b814b0b19a0338f3bed,379,11,9,0.8181818181818182,True,3.9026783494998445,0.8222582972582972,0.4444444444444444,4.315949871903285,0.8222582972582972,0.4444444444444444,0.0,0.0,0.4132715224034409
764,7da3a9cc9349e85075d03f8139df901835d634542526b673c8f489c7566579e0,96,1,0,0.0,False,0.559005618095398,,,0.5221196413040161,,,,,-0.036885976791381836
765,bc72aef4466c591aebb65e11b8b9781568ea59bac7ea121d7a0cfb21ec36a30f,359,7,0,0.0,False,0.009372072626969643,,,0.008547085936048202,,,,,-0.0008249866909214414
766,59365c98a80781c4260b16741b155e9cb3a7e951c1a9c6f78d95ba0b2966f964,316,17,1,0.058823529411764705,True,0.24002888108439305,0.5,0.9375,0.23660679265637607,0.5,0.9375,0.0,0.0,-0.0034220884280169728
767,49bca4bf056d239c66207751c15e2f1bf5c5f810a8685932c00ef588360f46ae,456,287,103,0.3588850174216028,True,0.9431253430053903,0.4435104606691313,0.6098300970873786,0.9703222436080801,0.44275502649523624,0.5858484592655129,-0.0007554341738950643,-0.023981637821865687,0.027196900602689755
768,fbc5a173b7a934609cb670fc12716861afcdfb814cc1fa0a568d00d0a8a509f4,422,1,0,0.0,False,0.5126991271972656,,,0.4477912187576294,,,,,-0.06490790843963623
769,2f13baa2f48c6a3a64a00c8599cc2a16038d0a36a25da7e1956af1a15319fb59,227,22,0,0.0,False,0.010189321357756853,,,0.008059777261223644,,,,,-0.002129544096533209
770,b3f97b9d8c381d3fbe3728b02bfd6fe83fd9fcce7c707434ba6e40a440673ef9,431,942,689,0.7314225053078556,True,1.6818079744521137,0.7716046215597869,0.634849154127251,1.7180422135341304,0.7710353489054862,0.6308592965688946,-0.0005692726543007343,-0.003989857558356347,0.03623423908201673
771,13f22f30de7af5a603b42bfa9395511f5946f2b7b2bde6d888144c93402eb984,347,1,0,0.0,False,0.07794173806905746,,,0.10832170397043228,,,,,0.030379965901374817
772,73ede4df4cd38c138866b48586e80dff0ea55da721015eefaf1d3a70b532a18e,115,2,1,0.5,True,0.762466162443161,0.5,0.0,0.7659120261669159,0.5,0.0,0.0,0.0,0.003445863723754883
773,3ea0a339b632fc1eecb7be61df99b7842b294522b4418c4cbbeec700d9e3873f,486,12,0,0.0,False,0.009905035403789952,,,0.009193566981897069,,,,,-0.0007114684218928833
774,3983ea3943466eb389b171dc08567e753dba8e5b9983000a43798fe7a861d89f,291,1,0,0.0,False,0.25809481739997864,,,0.23915545642375946,,,,,-0.018939360976219177
775,ecd75822b4e8c432f65ab4ce7b5de087601ae2ef3c59f68a806bc5afc2328ea2,509,76,76,1.0,False,1.281115220565545,,,1.3591125960412778,,,,,0.07799737547573282
776,7c2a7bcf3a9e687a4734d149429648beaeb58a4936962328b18c1fd4d5c90203,509,1253,385,0.30726256983240224,True,0.7620455317688584,0.2899560935537123,0.49040936022502835,0.7496513824758297,0.2993002145305661,0.5057962774552636,0.009344120976853776,0.01538691723023522,-0.012394149293028622
777,e0a1e3bbc5ec7fb1a64c5453469d1741ef0fdc99e5fafbad7f5088e8c8021cb4,378,37,13,0.35135135135135137,True,0.8594974105221194,0.4644645077944794,0.5352564102564102,0.7217604135591034,0.5893692732380853,0.6378205128205128,0.1249047654436059,0.10256410256410253,-0.137736996963016
778,c2f3d73b6029b1fec89b598364073e4baf12a5bc6e86ac14a2cef1a6d34b3f65,450,4,0,0.0,False,0.060499269515275955,,,0.057511611841619015,,,,,-0.0029876576736569405
779,af5cfcff8e06f1e03fbd2bec6b5195352ba2f1d05a977e3cb8c61baac233a2aa,397,3,2,0.6666666666666666,True,2.1980785528818765,0.5833333333333333,0.0,2.5121877690156302,0.5833333333333333,0.0,0.0,0.0,0.31410921613375375
780,7ea6aa83d5ce5a5074b475de73645223b371b0de9f567b8ae6b25338f48e849f,240,1,1,1.0,False,1.9455134868621826,,,1.8728402853012085,,,,,-0.07267320156097412
781,3e55a8886d3123341ae8d94472ff288ce0a984a3363ffa75fee6e9dfa6082ec1,215,2,0,0.0,False,0.2514371871948242,,,0.24126232415437698,,,,,-0.010174863040447235
782,9ff5de5c1cc64b3a1aaabb4c1f1380dfeb344532d75d2415d180dc53f19f74ff,815,323,86,0.26625386996904027,True,0.4728706595307683,0.5174098946530149,0.7927828476106368,0.46162771877240544,0.5623333843290769,0.8019576096555785,0.04492348967606197,0.00917476204494172,-0.011242940758362852
783,3018699f292d1ba10e933422d3f010824536d6df70f51f7c56a853e694496e25,934,8,0,0.0,False,0.007718921609921381,,,0.00515875501150731,,,,,-0.002560166598414071
784,b0691e6c7ad4ebc9dcc039e46b7fbf86209b5bc7ebe9d08dc19070a329603c64,367,218,0,0.0,False,0.004276066319687392,,,0.002283698757872225,,,,,-0.0019923675618151674
785,9ad30b302d829ba44376320f59e0b2fe672666ce3609dacfa60ce0ac848856d4,297,15,0,0.0,False,0.07223952453156622,,,0.09268077086405052,,,,,0.0204412463324843
786,48e82130745e136d9b04b196fd749af6c7246715c900c0b5d46c280083e47dce,259,275,135,0.4909090909090909,True,1.162562789132988,0.6328269474054605,0.5898677248677249,1.160976565204222,0.627280254682276,0.5932804232804232,-0.005546692723184532,0.0034126984126983118,-0.0015862239287658397
787,c750543d719f5dd2335cec0562abe565ec3aa586c491d070135b90fc5781c91c,928,4,0,0.0,False,0.010630408534780145,,,0.010978563106618822,,,,,0.00034815457183867693
788,9a4010875370ca8ef26b715e2729fd4e8fd985b24c8affef14e68ed5fd4ad441,915,288,7,0.024305555555555556,True,0.2322798799464686,0.018727629818948398,0.2709710218607016,0.20838233805787038,0.018622550875876213,0.26385358413828164,-0.00010507894307218435,-0.007117437722419961,-0.023897541888598217
789,028f4d4e6566b0a43bf03df24d0833f95e4772db5434a3841a945be32735ed1b,111,2,0,0.0,False,0.011870221234858036,,,0.026945763500407338,,,,,0.015075542265549302
790,16e201eb49237f1092a05dc94a1cc131f78e10e8ba32e0f005076714062ff9e3,466,1050,399,0.38,True,1.1325966164545944,0.41507359569204466,0.5827510404274895,1.1504426775461096,0.42690278531073844,0.5942737026899044,0.01182918961869378,0.01152266226241494,0.01784606109151521
791,55c55032a04735e8363f589aa125008bf09d0a01e3ebc4be53e2b630924d342f,918,1,0,0.0,False,0.08567503839731216,,,0.1005975678563118,,,,,0.014922529458999634
792,a50b402ec32e9ff6bd901182c35669cefe1e90add1674b8e422a1269ae2a0758,201,1,0,0.0,False,0.4794228672981262,,,0.48001450300216675,,,,,0.0005916357040405273
793,c13770c67cf27f93bb1dd39b9eb4173c01253a2060e44225120f1e3a33625ade,737,587,190,0.32367972742759793,True,0.46086603200589876,0.7363404712478586,0.8521410579345088,0.47188773552495056,0.7191038455145679,0.849449821026117,-0.017236625733290767,-0.002691236908391792,0.011021703519051795
794,0caed4ff234c64efd5f01371efafe0b9c14cc59dbeaf60e2fa25f299f8104146,255,66,58,0.8787878787878788,True,0.3079984285445376,0.9695873454876508,0.8071120689655172,0.3010815485578143,0.9707739264110617,0.8146551724137931,0.0011865809234109514,0.007543103448275912,-0.0069168799867232456
795,5deb4c4359a00ef4044017229b5644562a423a1e4cd7ad48060e75ee4d18230f,362,1,0,0.0,False,0.4451204836368561,,,0.5272769331932068,,,,,0.08215644955635071
796,f5adb6c267cfd7257fb1885ef6b9c9d45ff2467a74c31dcdc7fb025aa49a57aa,324,79,12,0.1518987341772152,True,0.25730966044519143,0.7261895511895511,0.8955223880597015,0.2610197052170959,0.7268498476831811,0.8917910447761194,0.0006602964936299749,-0.003731343283582156,0.0037100447719044527
797,61a09b651f8667861a9dcc536c3a7e86413d177e1f652998ee57043f3506cb62,261,6,0,0.0,False,0.3005650187066446,,,0.3049677937136342,,,,,0.004402775006989601
798,d216cde80e00185e854cde0b8f2a8870ee4401c87bbb35ea2d735ad60bbfffe2,455,139,61,0.43884892086330934,True,1.2071631593725405,0.7760705270481538,0.8104245481294662,1.2611815265888955,0.7787406237050359,0.8047498949138293,0.002670096656882115,-0.005674653215636871,0.054018367216355
799,34d881e63cdff3a6e0a5ef7e9b080be06bab923f2a6f2e9400c19d8a4cfbf1ef,799,82,59,0.7195121951219512,True,0.4009821945119922,0.9666701444142131,0.9358879882092852,0.3902307124638067,0.9678976155514506,0.9366249078850406,0.0012274711372375346,0.0007369196757553986,-0.01075148204818549
800,b0408ddb4e1c0983c154a7b55dac51627a40cfc217d6df83045a3aff43ff5499,364,64,51,0.796875,True,0.5367144801421091,0.8623140746462843,0.6199095022624435,0.5560801646788605,0.8390038172655698,0.603318250377074,-0.02331025738071446,-0.016591251885369473,0.01936568453675136
801,0d548d0232248f5da3f26bf13b3e14e3f23bcb7090e449c132e0bcd45f9142b6,396,8,3,0.375,True,0.6984634529799223,0.6805555555555556,0.6,0.698206715285778,0.6984126984126984,0.6666666666666666,0.017857142857142794,0.06666666666666665,-0.00025673769414424896
802,2a108357d04c9d1e28ca8bad7f13f473860da4dbcbca3d61a7689d48c6d29833,407,2,2,1.0,False,0.8835417628288269,,,0.9257840514183044,,,,,0.04224228858947754
803,b21f1f7568d77ddb23a172b8a3bb4da575c8edeb865254dd2e0a84618bf90080,343,1135,371,0.32687224669603526,True,0.611716519781934,0.48236193900189045,0.6401811292530446,0.619096863542228,0.47525817738419396,0.6307753912589436,-0.007103761617696491,-0.009405737994101049,0.007380343760294061
804,32130eadc374cb87371ce572db572513bd5824299014e4d8e8ca45b002e42f49,1341,1,0,0.0,False,0.36146461963653564,,,0.3723878562450409,,,,,0.010923236608505249
805,7c2210337744e93ad9a244188ed716be44925a1a7436e73a6e32ef0031e21147,574,80,13,0.1625,True,0.6731999117524538,0.19399598862268547,0.547646383467279,0.6723038522832212,0.18629729618506707,0.5614236509758898,-0.007698692437618393,0.013777267508610747,-0.0008960594692325463
806,6b792f9f0f9499b4fd5f139e373266d8937f5ebb0da7814b0700fdac917414c6,728,1,0,0.0,False,0.039520442485809326,,,0.04684123024344444,,,,,0.007320787757635117
807,708f54aea8fc99a74a8884b9808bf7d58b6e8b28ceb62c60e037a2401844428a,339,5,0,0.0,False,0.12093375101685525,,,0.094685341976583,,,,,-0.026248409040272244
808,417a13f2fece134a1869b37597b8736a42e339d8120464a9b744dd3ac979be16,339,20,2,0.1,True,0.30920685483142735,0.225,0.6944444444444445,0.30976700568571686,0.225,0.6944444444444444,0.0,-1.1102230246251565e-16,0.0005601508542895095
809,89d0c58de71d9c8a8ffb3844dbd53e67670b23b1338ac8a2b6b20b47b0b1df44,150,5,0,0.0,False,0.20044307191856206,,,0.1619215000420809,,,,,-0.03852157187648117
810,2faa34f32bd2c04d5222e83046a054037e54c4896d99824306b480d6807b148a,367,17,16,0.9411764705882353,True,0.3261103191796471,0.9837863270308124,0.75,0.3189585493767963,0.9789786347231201,0.6875,-0.004807692307692291,-0.0625,-0.007151769802850816
811,e667127c8e1b5595f8cdcba9c81b3a15ee9c5eb1a5db018c3e84839b66318365,153,589,137,0.23259762308998302,True,1.351648740962111,0.15469243085214301,0.2609569795232866,1.2568920520179236,0.16190082872207232,0.2769766164976423,0.0072083978699293005,0.01601963697435571,-0.09475668894418732
812,0f5369a8ecf84e0819b1e9ce5d43f34ce5efd80bd06d7952118fbfdd1da8992f,332,1,0,0.0,False,0.09732943028211594,,,0.1856474131345749,,,,,0.08831798285245895
813,7d1941e7db5ddf2ea4e092585a2258d37d45efc00730715d2ed6003679855d38,169,4,4,1.0,False,0.8574457466602325,,,0.8979826122522354,,,,,0.04053686559200287
814,78b68b36a9c68f56d4551af35f6e6c82f43e82ae35a62943a75a0c263109d065,745,101,0,0.0,False,0.06749321844216695,,,0.07069540605937952,,,,,0.003202187617212568
815,93be71ff6149f6d5ddc0a38cba6d46c5b91c9bc9d375df3c2b218c15013a5b79,280,327,310,0.9480122324159022,True,0.7105989804326212,0.9782504679491297,0.745920303605313,0.596346161781101,0.9801942463786941,0.7562618595825428,0.0019437784295643912,0.010341555977229744,-0.11425281865152015
816,ac16dfe04c7919b16dfdd5eb3bca9d57cc237e885604d2840e052a3024cc50ed,431,5,5,1.0,False,2.1213001251220702,,,2.4802464962005617,,,,,0.3589463710784915
817,ad1b26c4c53152e635ebada73a22632cf03667ac5843a5406dac8d27ad6af32c,623,95,22,0.23157894736842105,True,1.7447826729793297,0.5354096241408167,0.7503113325031133,1.822067733863859,0.5495641849116613,0.7552926525529265,0.014154560770844538,0.00498132004981322,0.07728506088452924
818,39fcba38793c2808cbb8def07e490520de1c9a54452189ed53ca6bd0d96dc534,624,64,0,0.0,False,0.6790380633319728,,,0.7108878994185943,,,,,0.03184983608662151
819,11f5e33cf7a9848ab3463bc0158203c059f25c0d89818f14406bb18d009e5fa2,283,1,0,0.0,False,0.964684247970581,,,1.2440727949142456,,,,,0.27938854694366455
820,591748b57ab026bb5c2dc7bda3253e690b4552a64fa86ade64dff818bd22e685,283,1,0,0.0,False,0.9995582103729248,,,1.2877932786941528,,,,,0.288235068321228
821,a21e3a71515132555bed0e40d6c4305f7e387bd7efd8611aa539636679857c95,283,18,0,0.0,False,0.5130799015363058,,,0.6311786791516675,,,,,0.1180987776153617
822,ab37990289854c5d65681b6ae0bac130b969baa81da1e06a1f5a5eac53a30e6e,283,4,2,0.5,True,0.5768295451998711,1.0,1.0,0.5405183881521225,1.0,1.0,0.0,0.0,-0.036311157047748566
823,3676e17bd89647271db976eaa37d9e4f179060ad1a2c91ce7b7231826a6ccda4,283,26,8,0.3076923076923077,True,0.433519454816213,0.9704861111111112,0.986111111111111,0.5130294726158564,0.8918650793650793,0.9444444444444444,-0.07862103174603186,-0.04166666666666663,0.0795100177996434
824,34d8958fe8a8d5317dc161b275eb10b79a7fc58e2d91286f9ac68893cd6bc775,196,23,5,0.21739130434782608,True,0.5554380248422208,0.4157967032967033,0.5888888888888888,0.5604426125469415,0.4326406926406926,0.6333333333333333,0.016843989343989285,0.04444444444444451,0.0050045877047206755
825,614304cb97e8a0e4d1be04792c65c29ca4e35373f711d3bef47d50e44d9bd77a,363,122,73,0.5983606557377049,True,1.5287557519422692,0.45900108009662294,0.21889851831143417,1.4755421116276355,0.5293426719950973,0.33603578417668434,0.07034159189847439,0.11713726586525017,-0.053213640314633714
826,3536be6fa8b6d51604c206a959895c63db30b7a61051668facf2e8d3b328f5bc,117,247,86,0.3481781376518219,True,1.816053862740033,0.22943913625798482,0.19644662718474648,1.8180144039785813,0.22902893589334916,0.19626606962299584,-0.00041020036463565446,-0.00018055756175064386,0.0019605412385481635
827,7dd1014296053e23c0ed384179d1976f5018f597bfb0f8b1bc0e8beb8ce77aa2,417,30,18,0.6,True,0.5478480346500874,0.9370388531715763,0.8842592592592592,0.4927105081578096,0.934577079840238,0.8796296296296297,-0.002461773331338346,-0.004629629629629539,-0.055137526492277766
828,c9229cc7dbc7443f2c0d1cf1a99e9eb67cc3b2f591d743c6987bb1bdac2f5ec2,191,8,0,0.0,False,0.24407911859452724,,,0.14211484882980585,,,,,-0.1019642697647214
829,122ec51be5e81d62d4b2232fbf0bf314a7b8e13efff177937df4e9f0a5f34065,361,24,18,0.75,True,1.2791117193798225,0.6866205974141654,0.34259259259259256,1.2927988845234115,0.6906304764240444,0.35185185185185186,0.004009879009879036,0.0092592592592593,0.01368716514358903
830,06f650a3132a7fafdcc80fbab39208d360cbc8244d0a02ba1ca031a540ede19b,35,6,2,0.3333333333333333,True,1.1922119404189289,0.325,0.3125,1.2278992861974984,0.325,0.3125,0.0,0.0,0.03568734577856958
831,e42ef42abfd920238cbec2459074e600546e293bfbced65b88f4370b7eb73fbf,262,2,1,0.5,True,0.8562532383948565,1.0,1.0,0.918213751167059,1.0,1.0,0.0,0.0,0.06196051277220249
832,883fb0e7f762389683e0cb7eaf21b57ede11f4c1ede8dc4dd6048b6a1875ad14,328,132,93,0.7045454545454546,True,3.442532128884605,0.9384295821895947,0.8409153570443892,3.1175156436824403,0.9363220318064415,0.8384339674662256,-0.002107550383153245,-0.002481389578163684,-0.32501648520216486
833,703cfcc2fcf33334af82d10f64a0cb58ee372d288e4f9a8f0902df370eb77bf0,328,133,93,0.6992481203007519,True,3.398967688327263,0.8957697072643285,0.81747311827957,3.08007727192559,0.9106082021127246,0.8198924731182795,0.014838494848396167,0.0024193548387094754,-0.3188904164016728
834,38ca5e634eb5cd46ae5ef5e06402c7180f60defc0bca976f5ecd648e9abe19e2,306,73,40,0.547945205479452,True,0.3012546397783883,0.9717181957020992,0.9651515151515152,0.30104379204726994,0.9718230912113549,0.9643939393939395,0.00010489550925574243,-0.0007575757575757347,-0.00021084773111834654
835,74d18e3154edbb7c3153540e0f6d86328844d8d6905e8f21ff95d9e9e00ad20b,203,16,16,1.0,False,1.3477634340524673,,,1.3591168113052845,,,,,0.011353377252817154
836,4c7fa7f8211f205dba48deb6cf8796d4bd540a370d938bb6508fed1bbd81b0fb,268,1,1,1.0,False,1.0085537433624268,,,1.1406519412994385,,,,,0.13209819793701172
837,bf7aa618f73dcb5f2431b8b99018f9f312363133dec96491662f337bb69f2609,268,1,1,1.0,False,0.9598910808563232,,,1.079808235168457,,,,,0.11991715431213379
838,05bbec8f345524153713a4f0203fe2af8d756bc7e218070727fc9fbc26d94761,268,1,1,1.0,False,1.1138027906417847,,,1.2093685865402222,,,,,0.0955657958984375
839,adb3aa7920316354a0a11b8fc71eb45b917fc97a1831c4b182a12f1905ee55f4,268,1,1,1.0,False,0.8649287819862366,,,0.9984809160232544,,,,,0.13355213403701782
840,00af3a561fe849ae8a33a77db506f510f1366a956bca972ad84eeef359b58ae0,268,1,1,1.0,False,0.8694323301315308,,,1.0022151470184326,,,,,0.13278281688690186
841,e48a2cc61ccffc4351b42365b750619912789ccd60bd121bcd4454a03b366056,424,2,0,0.0,False,0.0001193060124933254,,,0.00016952997975749895,,,,,5.022396726417355e-05
842,956b0da22c77857bff1e6feea5d59b1b3b5b08850b9bb409e605cdae460073a6,29,35,35,1.0,False,0.45340216351406915,,,0.4132341781897204,,,,,-0.04016798532434873
